sample_id,dataset_source,subset,image_filename,image_path,file_sha256,width,height,channels,blur_variance,brightness_mean,contrast_std,r_mean,g_mean,b_mean,r_std,g_std,b_std,h_mean,s_mean,v_mean,lab_l_mean,lab_a_mean,lab_b_mean,ground_truth_drug,drug_family,concentration,cutting_agent,presumptive_label,device,lighting,lab_confirmation,is_duplicate,split
BLINDED_435,PMC7332374_NIHMS1576105_idPAD,blinded_study,image22.jpeg,storage/processed_images/idpad/image22.jpeg,af2f65b798828f05a3556cdea917f571b3c0d720bbfc0e680b2e361988541087,301,170,3,2553.46,197.22,62.87,198.52,197.4,192.92,62.22,62.92,65.75,30.69,15.47,200.3,201.18,127.7,130.53,None,NEGATIVE_CUTTING_AGENT,0%,Lactose (100%),PRESUMPTIVE_NEGATIVE,idPAD_12Lane_Paper_Device,LED_Lightbox_Standard,FTIR_and_GCMS_Berrien_County_Crime_Lab,False,train
BLINDED_672,PMC7332374_NIHMS1576105_idPAD,blinded_study,image24.jpeg,storage/processed_images/idpad/image24.jpeg,201adceda9ee976c3739136b9956f7b2678610e3e4a113a57049e57d56ee2cb9,292,165,3,2237.57,203.19,53.13,204.3,203.14,200.34,53.05,53.27,56.93,45.7,21.63,209.9,207.36,128.14,129.6,Methamphetamine,METHAMPHETAMINE,25%,Dimethyl Sulfone (75%),PRESUMPTIVE_POSITIVE,idPAD_12Lane_Paper_Device,LED_Lightbox_Standard,FTIR_and_GCMS_Berrien_County_Crime_Lab,False,train
BLINDED_736,PMC7332374_NIHMS1576105_idPAD,blinded_study,image25.jpeg,storage/processed_images/idpad/image25.jpeg,6f0fc4e6b96fd76ba9f66b73a58d7479d3722bf27ab76d29b414650c3c4d5c8e,307,173,3,2640.78,199.75,57.97,199.92,200.05,197.68,58.81,57.81,58.14,35.24,11.27,202.5,203.91,127.67,129.21,None,NEGATIVE_CUTTING_AGENT,0%,Dimethyl Sulfone (100%),PRESUMPTIVE_NEGATIVE,idPAD_12Lane_Paper_Device,LED_Lightbox_Standard,FTIR_and_GCMS_Berrien_County_Crime_Lab,False,train
BLINDED_986,PMC7332374_NIHMS1576105_idPAD,blinded_study,image26.jpeg,storage/processed_images/idpad/image26.jpeg,c17d2db2bda555fd921d6dca4a631f1efcc0fb986da243c3e69e973e5837a642,293,165,3,2846.51,202.6,57.09,203.07,202.97,199.42,57.67,56.93,58.4,33.12,13.44,205.71,206.65,127.53,129.86,Cocaine HCl,COCAINE_SERIES,50%,Lactose (50%),PRESUMPTIVE_POSITIVE,idPAD_12Lane_Paper_Device,LED_Lightbox_Standard,FTIR_and_GCMS_Berrien_County_Crime_Lab,False,train
BLINDED_24B,PMC7332374_NIHMS1576105_idPAD,blinded_study,image27.jpeg,storage/processed_images/idpad/image27.jpeg,e4299a8ff388bc318150da534322574de43ae6d360be332351848612dbdbb5aa,293,165,3,2555.97,209.53,50.34,208.48,210.06,209.6,51.72,49.96,50.81,50.44,12.59,213.8,213.43,127.47,128.06,Methamphetamine,METHAMPHETAMINE,100%,None,PRESUMPTIVE_POSITIVE,idPAD_12Lane_Paper_Device,LED_Lightbox_Standard,FTIR_and_GCMS_Berrien_County_Crime_Lab,False,train
BLINDED_2BQ,PMC7332374_NIHMS1576105_idPAD,blinded_study,image28.jpeg,storage/processed_images/idpad/image28.jpeg,2e1a7ad3c6b9ad152ec524ddfb77864b958c40bf43544cc2e7e6308750b11181,286,161,3,2635.49,190.86,63.22,187.56,192.07,193.07,64.18,62.77,64.78,65.89,16.76,196.23,195.46,126.69,127.01,Crack Cocaine 2,COCAINE_SERIES,100%,None,PRESUMPTIVE_POSITIVE,idPAD_12Lane_Paper_Device,LED_Lightbox_Standard,FTIR_and_GCMS_Berrien_County_Crime_Lab,False,train
BLINDED_2DJ,PMC7332374_NIHMS1576105_idPAD,blinded_study,image29.jpeg,storage/processed_images/idpad/image29.jpeg,d683cbd9bf818d069e98ed226e916fb51fce982c6559bf9c5ef8619a8e4946a1,309,174,3,2057.87,195.37,57.71,192.85,196.15,197.88,58.59,57.37,59.64,58.64,17.84,201.65,200.0,127.33,126.83,Heroin,HEROIN_OPIOID,100%,None,PRESUMPTIVE_POSITIVE,idPAD_12Lane_Paper_Device,LED_Lightbox_Standard,FTIR_and_GCMS_Berrien_County_Crime_Lab,False,train
BLINDED_2K5,PMC7332374_NIHMS1576105_idPAD,blinded_study,image31.jpeg,storage/processed_images/idpad/image31.jpeg,c140730e11456a5fb40ded48e96487d78294180c9c35f16dca363fbe459ea035,320,180,3,2434.75,204.98,53.73,205.06,204.98,204.75,54.03,53.82,54.09,45.54,10.2,208.3,208.89,128.08,128.15,None,NEGATIVE_CUTTING_AGENT,0%,Lactose (100%),PRESUMPTIVE_NEGATIVE,idPAD_12Lane_Paper_Device,LED_Lightbox_Standard,FTIR_and_GCMS_Berrien_County_Crime_Lab,False,train
BLINDED_2N4,PMC7332374_NIHMS1576105_idPAD,blinded_study,image32.jpeg,storage/processed_images/idpad/image32.jpeg,955a66c94589e659595afaafe7ec2dedf804ac4ca1c7d3a9d8fe858e4c7dc919,301,170,3,2505.57,194.88,60.46,194.11,195.16,195.31,60.26,60.41,63.21,51.85,19.32,200.83,199.17,127.82,127.93,None,NEGATIVE_CUTTING_AGENT,0%,Lactose (100%),PRESUMPTIVE_NEGATIVE,idPAD_12Lane_Paper_Device,LED_Lightbox_Standard,FTIR_and_GCMS_Berrien_County_Crime_Lab,False,train
BLINDED_2TN,PMC7332374_NIHMS1576105_idPAD,blinded_study,image33.jpeg,storage/processed_images/idpad/image33.jpeg,a4a94ed55940350bf4b765f08dc3e323ae3243535c7ed459efdf76bec8b95773,309,174,3,2656.38,199.2,56.98,200.06,199.64,194.65,57.97,56.68,58.38,30.57,16.16,202.8,203.58,127.41,130.65,Heroin,HEROIN_OPIOID,100%,None,PRESUMPTIVE_POSITIVE,idPAD_12Lane_Paper_Device,LED_Lightbox_Standard,FTIR_and_GCMS_Berrien_County_Crime_Lab,False,train
BLINDED_2WN,PMC7332374_NIHMS1576105_idPAD,blinded_study,image34.jpeg,storage/processed_images/idpad/image34.jpeg,4c95f8e60a1d812463dd02a7132854cd1bed44d7ebc01a44c2dc3afca2f862da,294,165,3,2595.27,206.72,51.57,207.15,206.48,206.89,52.43,51.48,52.02,60.84,11.06,210.75,210.55,128.38,127.95,Methamphetamine,METHAMPHETAMINE,100%,None,PRESUMPTIVE_POSITIVE,idPAD_12Lane_Paper_Device,LED_Lightbox_Standard,FTIR_and_GCMS_Berrien_County_Crime_Lab,False,train
BLINDED_34W,PMC7332374_NIHMS1576105_idPAD,blinded_study,image37.jpeg,storage/processed_images/idpad/image37.jpeg,13634e2a66448edae4a1ed88aea2498729516f44805daaef287aa5eaea8bfb1d,315,177,3,2338.82,202.22,55.45,201.8,202.76,200.36,55.74,55.28,58.94,49.14,20.63,208.29,206.46,127.42,129.23,Crack Cocaine 1,COCAINE_SERIES,100%,Cut with Nicotinamide,PRESUMPTIVE_POSITIVE,idPAD_12Lane_Paper_Device,LED_Lightbox_Standard,FTIR_and_GCMS_Berrien_County_Crime_Lab,False,train
BLINDED_3FS,PMC7332374_NIHMS1576105_idPAD,blinded_study,image38.jpeg,storage/processed_images/idpad/image38.jpeg,552081cae226f5533bc60576112e4ca059032e6e9c04639cf4991583bb915591,307,173,3,3208.22,193.9,62.61,195.42,194.17,188.52,62.67,62.45,64.97,29.21,17.9,197.28,198.11,127.53,131.17,Methamphetamine,METHAMPHETAMINE,50%,Dimethyl Sulfone (50%),PRESUMPTIVE_POSITIVE,idPAD_12Lane_Paper_Device,LED_Lightbox_Standard,FTIR_and_GCMS_Berrien_County_Crime_Lab,False,train
BLINDED_3GM,PMC7332374_NIHMS1576105_idPAD,blinded_study,image39.jpeg,storage/processed_images/idpad/image39.jpeg,83926d9551f7e57a99d9c3faa22e17e06e881c21d2a388fc4925a165f6f18bbc,306,172,3,2832.6,201.28,55.13,200.92,201.48,201.06,55.64,55.03,55.84,53.24,9.62,204.33,205.42,127.81,128.18,Heroin,HEROIN_OPIOID,25%,Lactose (75%),PRESUMPTIVE_POSITIVE,idPAD_12Lane_Paper_Device,LED_Lightbox_Standard,FTIR_and_GCMS_Berrien_County_Crime_Lab,False,train
BLINDED_3LS,PMC7332374_NIHMS1576105_idPAD,blinded_study,image40.jpeg,storage/processed_images/idpad/image40.jpeg,aa6ed787f9f23284635742aeb213d0e701cb5bb21d0951571a63d18bc0271c2e,315,177,3,2822.26,204.91,57.22,204.13,205.07,205.97,58.02,57.11,57.94,50.6,15.91,210.36,208.62,127.98,127.48,Methamphetamine,METHAMPHETAMINE,50%,Dimethyl Sulfone (50%),PRESUMPTIVE_POSITIVE,idPAD_12Lane_Paper_Device,LED_Lightbox_Standard,FTIR_and_GCMS_Berrien_County_Crime_Lab,False,train
BLINDED_3PV,PMC7332374_NIHMS1576105_idPAD,blinded_study,image41.jpeg,storage/processed_images/idpad/image41.jpeg,f9c46825fcc708145997f2ebd0a930ef4b72bf8d3d16d6eb971de2dacf49fab5,296,166,3,3026.76,203.57,54.61,204.85,203.77,199.2,55.02,54.44,57.3,44.34,18.27,208.35,207.69,127.7,130.52,Methamphetamine,METHAMPHETAMINE,100%,None,PRESUMPTIVE_POSITIVE,idPAD_12Lane_Paper_Device,LED_Lightbox_Standard,FTIR_and_GCMS_Berrien_County_Crime_Lab,False,train
BLINDED_44U,PMC7332374_NIHMS1576105_idPAD,blinded_study,image44.jpeg,storage/processed_images/idpad/image44.jpeg,2f2283ad6c733859d4335a74aa0f9a6590b709400abe158ac2e2caa2b5a02b0a,293,165,3,2822.99,202.6,55.42,204.53,202.7,197.0,55.71,55.21,58.32,31.96,18.08,207.03,206.73,127.77,131.2,Crack Cocaine 1,COCAINE_SERIES,100%,Cut with Nicotinamide,PRESUMPTIVE_POSITIVE,idPAD_12Lane_Paper_Device,LED_Lightbox_Standard,FTIR_and_GCMS_Berrien_County_Crime_Lab,False,train
BLINDED_44Y,PMC7332374_NIHMS1576105_idPAD,blinded_study,image45.jpeg,storage/processed_images/idpad/image45.jpeg,0f31b175b487a2d0923a5f19d132bcb14279d70b8d5090f6a0a29a6b4d436af8,291,164,3,2077.84,197.37,56.84,194.82,198.2,199.63,58.06,56.39,58.08,62.44,16.1,203.13,201.92,127.21,126.92,Heroin,HEROIN_OPIOID,50%,Lactose (50%),PRESUMPTIVE_POSITIVE,idPAD_12Lane_Paper_Device,LED_Lightbox_Standard,FTIR_and_GCMS_Berrien_County_Crime_Lab,False,train
BLINDED_4AZ,PMC7332374_NIHMS1576105_idPAD,blinded_study,image46.jpeg,storage/processed_images/idpad/image46.jpeg,9bf7df60bfc3f1dc5233f08b19789d6a0ecfc5c1fd0c7344f0c15ff6f9c35cfb,302,170,3,2828.34,201.7,56.97,198.92,202.57,204.52,60.53,56.14,56.09,60.73,17.54,207.48,206.03,127.35,126.65,Methamphetamine,METHAMPHETAMINE,50%,Dimethyl Sulfone (50%),PRESUMPTIVE_POSITIVE,idPAD_12Lane_Paper_Device,LED_Lightbox_Standard,FTIR_and_GCMS_Berrien_County_Crime_Lab,False,train
BLINDED_4D9,PMC7332374_NIHMS1576105_idPAD,blinded_study,image47.jpeg,storage/processed_images/idpad/image47.jpeg,e78ca387bd67149443812a51b72ab628e4a0a7d38353e6e1dfddf7457e4c763c,310,174,3,3043.56,200.54,58.38,199.38,200.87,201.88,59.67,58.13,58.47,55.87,12.89,204.96,204.59,127.81,127.35,Cocaine HCl,COCAINE_SERIES,50%,Lactose (50%),PRESUMPTIVE_POSITIVE,idPAD_12Lane_Paper_Device,LED_Lightbox_Standard,FTIR_and_GCMS_Berrien_County_Crime_Lab,False,train
BLINDED_4J9,PMC7332374_NIHMS1576105_idPAD,blinded_study,image48.jpeg,storage/processed_images/idpad/image48.jpeg,f940d9a6e51485f8b5efadcf7360e0c9bb7d1817539a1ff5a86094de044a4d5d,300,169,3,2514.99,199.82,56.38,200.37,200.06,197.15,57.4,56.23,56.48,30.92,12.67,203.07,204.1,127.74,129.53,None,NEGATIVE_CUTTING_AGENT,0%,Lactose (100%),PRESUMPTIVE_NEGATIVE,idPAD_12Lane_Paper_Device,LED_Lightbox_Standard,FTIR_and_GCMS_Berrien_County_Crime_Lab,False,train
BLINDED_4RD,PMC7332374_NIHMS1576105_idPAD,blinded_study,image50.jpeg,storage/processed_images/idpad/image50.jpeg,fcbabfb0acda8fd12742f4fd662118dd4e7b0fd978b7b6d87dfe4cbf3af27450,301,169,3,2550.65,189.07,63.34,184.12,190.87,192.87,65.04,62.92,63.4,69.23,18.51,194.67,194.01,126.17,126.23,Cocaine HCl,COCAINE_SERIES,100%,None,PRESUMPTIVE_POSITIVE,idPAD_12Lane_Paper_Device,LED_Lightbox_Standard,FTIR_and_GCMS_Berrien_County_Crime_Lab,False,train
BLINDED_4TL,PMC7332374_NIHMS1576105_idPAD,blinded_study,image51.jpeg,storage/processed_images/idpad/image51.jpeg,d66daabdbb3a735773f102cb8315f94b8ddda16e95a7c75115f64021fcd62ed6,308,173,3,2450.22,190.03,63.96,191.17,190.38,185.28,64.37,63.7,65.51,28.73,14.98,193.0,194.45,127.43,130.78,Crack Cocaine 2,COCAINE_SERIES,100%,None,PRESUMPTIVE_POSITIVE,idPAD_12Lane_Paper_Device,LED_Lightbox_Standard,FTIR_and_GCMS_Berrien_County_Crime_Lab,False,train
BLINDED_4TT,PMC7332374_NIHMS1576105_idPAD,blinded_study,image52.jpeg,storage/processed_images/idpad/image52.jpeg,91144eb9b8351535a0bb68c3d2ef31b09721ad4fb0f892d1b4f275f1f5948571,299,168,3,2696.89,199.74,57.71,200.29,199.93,197.24,58.13,57.64,58.66,35.48,11.76,202.73,203.88,127.75,129.46,Methamphetamine,METHAMPHETAMINE,100%,None,PRESUMPTIVE_POSITIVE,idPAD_12Lane_Paper_Device,LED_Lightbox_Standard,FTIR_and_GCMS_Berrien_County_Crime_Lab,False,train
BLINDED_4V8,PMC7332374_NIHMS1576105_idPAD,blinded_study,image53.jpeg,storage/processed_images/idpad/image53.jpeg,7162f4e426fd18db3a81dc204ee541089f917579e8502ea992ad7c5dd5d9ef14,294,165,3,2933.87,198.0,59.72,197.7,198.22,197.58,60.16,59.6,60.69,47.43,11.81,201.41,202.08,127.79,128.3,Methamphetamine,METHAMPHETAMINE,100%,None,PRESUMPTIVE_POSITIVE,idPAD_12Lane_Paper_Device,LED_Lightbox_Standard,FTIR_and_GCMS_Berrien_County_Crime_Lab,False,train
BLINDED_4VQ,PMC7332374_NIHMS1576105_idPAD,blinded_study,image55.jpeg,storage/processed_images/idpad/image55.jpeg,9377bae5e9fb86ec6a53065232977acfe50c6afa191f2f4070261224cb8b2ba3,302,170,3,2528.4,196.32,56.61,199.33,195.79,191.09,55.75,56.78,60.07,46.69,19.46,201.23,200.64,128.53,130.95,Methamphetamine,METHAMPHETAMINE,50%,Dimethyl Sulfone (50%),PRESUMPTIVE_POSITIVE,idPAD_12Lane_Paper_Device,LED_Lightbox_Standard,FTIR_and_GCMS_Berrien_County_Crime_Lab,False,train
BLINDED_52M,PMC7332374_NIHMS1576105_idPAD,blinded_study,image57.jpeg,storage/processed_images/idpad/image57.jpeg,fe7bdf22eca8dfec346ffb2930eea257f8c99c1236382c3caae304982f654e8a,298,168,3,2246.87,191.98,61.99,189.68,192.86,193.42,63.02,61.49,63.71,60.67,15.63,197.05,196.54,127.08,127.39,Cocaine HCl,COCAINE_SERIES,25%,Lactose (75%),PRESUMPTIVE_POSITIVE,idPAD_12Lane_Paper_Device,LED_Lightbox_Standard,FTIR_and_GCMS_Berrien_County_Crime_Lab,False,train
BLINDED_57H,PMC7332374_NIHMS1576105_idPAD,blinded_study,image58.jpeg,storage/processed_images/idpad/image58.jpeg,5b9c180a6e0a61d9f53a4c9ee18ed14d46d356d198802778f26d52d89bfe2034,304,171,3,2290.93,194.29,60.36,192.07,194.97,196.56,61.16,60.04,61.33,66.22,13.11,199.13,198.73,127.34,126.88,None,NEGATIVE_CUTTING_AGENT,0%,Dimethyl Sulfone (100%),PRESUMPTIVE_NEGATIVE,idPAD_12Lane_Paper_Device,LED_Lightbox_Standard,FTIR_and_GCMS_Berrien_County_Crime_Lab,False,train
BLINDED_5BS,PMC7332374_NIHMS1576105_idPAD,blinded_study,image59.jpeg,storage/processed_images/idpad/image59.jpeg,7238d9c5d2d78f85672a0affef7723539d9b21149ed1b6ef364d3c9734906241,303,170,3,2906.0,207.06,52.7,207.59,207.12,205.33,52.94,52.65,54.29,46.31,12.3,210.83,210.89,127.93,129.0,None,NEGATIVE_CUTTING_AGENT,0%,Lactose (100%),PRESUMPTIVE_NEGATIVE,idPAD_12Lane_Paper_Device,LED_Lightbox_Standard,FTIR_and_GCMS_Berrien_County_Crime_Lab,False,train
BLINDED_5C6,PMC7332374_NIHMS1576105_idPAD,blinded_study,image60.jpeg,storage/processed_images/idpad/image60.jpeg,462a444d1a61bd18b17147f4aedf7f072290dfca0d2c1a1edfb89b5c76cd663c,297,167,3,3025.88,200.44,57.63,197.42,200.81,206.18,58.99,57.41,57.12,75.66,17.5,207.71,204.51,127.97,124.87,Heroin,HEROIN_OPIOID,100%,None,PRESUMPTIVE_POSITIVE,idPAD_12Lane_Paper_Device,LED_Lightbox_Standard,FTIR_and_GCMS_Berrien_County_Crime_Lab,False,train
BLINDED_5ET,PMC7332374_NIHMS1576105_idPAD,blinded_study,image61.jpeg,storage/processed_images/idpad/image61.jpeg,e9a952c7c2cdd27f98ccbe052d12b4fd3075dc42b811698b4d85e3ae79886780,310,174,3,2524.92,200.87,57.64,198.99,201.39,203.04,58.8,57.32,57.94,62.54,11.81,205.23,204.98,127.56,126.9,Cocaine HCl,COCAINE_SERIES,25%,Lactose (75%),PRESUMPTIVE_POSITIVE,idPAD_12Lane_Paper_Device,LED_Lightbox_Standard,FTIR_and_GCMS_Berrien_County_Crime_Lab,False,train
BLINDED_5JK,PMC7332374_NIHMS1576105_idPAD,blinded_study,image63.jpeg,storage/processed_images/idpad/image63.jpeg,506a19ae2791d08ae65a74ccc12374656e8a0a47cc0ae5a8b906b47ebbe494fa,310,174,3,2581.47,193.51,58.32,191.76,194.33,193.76,61.33,57.78,56.79,42.14,14.89,197.6,198.34,127.35,127.98,Cocaine HCl,COCAINE_SERIES,100%,None,PRESUMPTIVE_POSITIVE,idPAD_12Lane_Paper_Device,LED_Lightbox_Standard,FTIR_and_GCMS_Berrien_County_Crime_Lab,False,train
BLINDED_5PX,PMC7332374_NIHMS1576105_idPAD,blinded_study,image64.jpeg,storage/processed_images/idpad/image64.jpeg,d4ab2e91594b2d58415f32f180f30969b9cfcc787744e2621d2b7e1ed5eea8b3,301,169,3,2377.92,211.1,53.5,209.65,211.55,212.6,57.37,52.78,53.35,53.07,18.59,217.35,214.78,127.85,127.38,Heroin,HEROIN_OPIOID,100%,None,PRESUMPTIVE_POSITIVE,idPAD_12Lane_Paper_Device,LED_Lightbox_Standard,FTIR_and_GCMS_Berrien_County_Crime_Lab,False,train
BLINDED_5UJ,PMC7332374_NIHMS1576105_idPAD,blinded_study,image66.jpeg,storage/processed_images/idpad/image66.jpeg,7ab585455c09542f3e2aad8477a56e5e0315928df208a2142aa3a44a3b743166,297,167,3,2506.89,193.01,61.75,195.66,193.03,185.99,61.22,61.65,65.31,24.93,20.4,197.1,197.36,127.78,132.08,Methamphetamine,METHAMPHETAMINE,50%,Dimethyl Sulfone (50%),PRESUMPTIVE_POSITIVE,idPAD_12Lane_Paper_Device,LED_Lightbox_Standard,FTIR_and_GCMS_Berrien_County_Crime_Lab,False,train
BLINDED_5Y7,PMC7332374_NIHMS1576105_idPAD,blinded_study,image67.jpeg,storage/processed_images/idpad/image67.jpeg,7e8393cc47477be5fc9fb0cba28799c3cb786678f2c4b589fa71b4d1a9c84837,302,170,3,2703.15,197.54,59.82,198.12,197.65,195.44,59.71,59.8,61.68,44.4,13.21,200.91,201.63,127.85,129.27,None,NEGATIVE_CUTTING_AGENT,0%,Lactose (100%),PRESUMPTIVE_NEGATIVE,idPAD_12Lane_Paper_Device,LED_Lightbox_Standard,FTIR_and_GCMS_Berrien_County_Crime_Lab,False,train
BLINDED_67U,PMC7332374_NIHMS1576105_idPAD,blinded_study,image68.jpeg,storage/processed_images/idpad/image68.jpeg,6e3b8daeb122dc2fddefeb4408698a760cb3100969bcb4ad0280703d52929b71,296,167,3,2663.98,207.44,55.48,207.82,207.72,204.98,55.98,55.31,56.8,32.58,12.11,210.43,211.16,127.67,129.43,None,NEGATIVE_CUTTING_AGENT,0%,Dimethyl Sulfone (100%),PRESUMPTIVE_NEGATIVE,idPAD_12Lane_Paper_Device,LED_Lightbox_Standard,FTIR_and_GCMS_Berrien_County_Crime_Lab,False,train
BLINDED_6SN,PMC7332374_NIHMS1576105_idPAD,blinded_study,image73.jpeg,storage/processed_images/idpad/image73.jpeg,6aea1e1e9edab9eecf982bbacf732f39cc9e35b3073457d834da1b164a0491a4,297,167,3,2252.22,187.73,66.0,185.4,188.48,189.95,66.81,65.67,67.22,64.95,15.32,192.65,192.21,127.25,126.94,Methamphetamine,METHAMPHETAMINE,50%,Dimethyl Sulfone (50%),PRESUMPTIVE_POSITIVE,idPAD_12Lane_Paper_Device,LED_Lightbox_Standard,FTIR_and_GCMS_Berrien_County_Crime_Lab,False,train
BLINDED_7QD,PMC7332374_NIHMS1576105_idPAD,blinded_study,image77.jpeg,storage/processed_images/idpad/image77.jpeg,80aebc3700b39152b2f21e656b124e66d60cdccfd3adaffb0b48c7c3efcaa750,301,169,3,2718.75,200.8,57.5,200.38,201.16,200.0,59.26,57.18,56.65,42.78,11.63,204.06,204.97,127.69,128.51,Crack Cocaine 2,COCAINE_SERIES,100%,None,PRESUMPTIVE_POSITIVE,idPAD_12Lane_Paper_Device,LED_Lightbox_Standard,FTIR_and_GCMS_Berrien_County_Crime_Lab,False,train
BLINDED_7W4,PMC7332374_NIHMS1576105_idPAD,blinded_study,image78.jpeg,storage/processed_images/idpad/image78.jpeg,e23a3de8a180f54c6ef8df08b62da42e94c9c4aa6bec74fb4d87e5f6d0730e52,295,166,3,2746.93,196.21,58.55,192.77,197.35,199.31,62.24,57.4,58.13,62.67,18.25,202.01,200.94,126.97,126.54,Cocaine HCl,COCAINE_SERIES,50%,Lactose (50%),PRESUMPTIVE_POSITIVE,idPAD_12Lane_Paper_Device,LED_Lightbox_Standard,FTIR_and_GCMS_Berrien_County_Crime_Lab,False,train
BLINDED_8F4,PMC7332374_NIHMS1576105_idPAD,blinded_study,image79.jpeg,storage/processed_images/idpad/image79.jpeg,8913b63c092b80520b2fd522740faa2db4a110a9d46d7bd97f1681af7130ce11,298,168,3,2209.42,195.3,59.12,195.96,195.55,192.22,58.75,59.02,62.19,44.83,14.38,198.46,199.67,127.6,129.87,Methamphetamine,METHAMPHETAMINE,50%,Dimethyl Sulfone (50%),PRESUMPTIVE_POSITIVE,idPAD_12Lane_Paper_Device,LED_Lightbox_Standard,FTIR_and_GCMS_Berrien_County_Crime_Lab,False,train
BLINDED_8KJ,PMC7332374_NIHMS1576105_idPAD,blinded_study,image81.jpeg,storage/processed_images/idpad/image81.jpeg,14ba51d7358066ba99c85026b617f681d4ab2903dbefd1afaa837780bb1d2438,297,167,3,3093.81,199.88,56.52,195.12,201.24,205.29,58.41,56.05,56.25,77.43,18.97,206.87,204.4,126.77,125.26,Crack Cocaine 1,COCAINE_SERIES,100%,Cut with Nicotinamide,PRESUMPTIVE_POSITIVE,idPAD_12Lane_Paper_Device,LED_Lightbox_Standard,FTIR_and_GCMS_Berrien_County_Crime_Lab,False,train
BLINDED_8RX,PMC7332374_NIHMS1576105_idPAD,blinded_study,image82.jpeg,storage/processed_images/idpad/image82.jpeg,85fd14587229678c7c1e25633603846e2115f7eea1c526eed7b7590542093ff8,307,173,3,3018.05,201.46,55.2,198.13,202.59,204.45,58.44,54.44,53.99,68.23,15.23,206.54,205.96,126.98,126.53,Cocaine HCl,COCAINE_SERIES,50%,Lactose (50%),PRESUMPTIVE_POSITIVE,idPAD_12Lane_Paper_Device,LED_Lightbox_Standard,FTIR_and_GCMS_Berrien_County_Crime_Lab,False,train
BLINDED_9C9,PMC7332374_NIHMS1576105_idPAD,blinded_study,image85.jpeg,storage/processed_images/idpad/image85.jpeg,a5ac9b47c7917e47c5f366a268c6fbf423ff4418924bcc15e092d63f978b8808,303,170,3,3036.18,202.6,57.28,203.73,202.44,200.46,56.88,57.51,58.62,37.82,11.53,205.82,206.44,128.18,129.22,Methamphetamine,METHAMPHETAMINE,25%,Dimethyl Sulfone (75%),PRESUMPTIVE_POSITIVE,idPAD_12Lane_Paper_Device,LED_Lightbox_Standard,FTIR_and_GCMS_Berrien_County_Crime_Lab,False,train
BLINDED_9JF,PMC7332374_NIHMS1576105_idPAD,blinded_study,image87.jpeg,storage/processed_images/idpad/image87.jpeg,16b54ed7fd49b2450141bbc5a6033732e8108fe4b2a5741e68ed2b1b03aee369,289,162,3,2627.05,203.4,54.92,201.89,204.25,203.01,56.13,54.55,55.77,54.78,10.93,206.65,207.64,127.04,128.39,Cocaine HCl,COCAINE_SERIES,50%,Lactose (50%),PRESUMPTIVE_POSITIVE,idPAD_12Lane_Paper_Device,LED_Lightbox_Standard,FTIR_and_GCMS_Berrien_County_Crime_Lab,False,train
BLINDED_9N4,PMC7332374_NIHMS1576105_idPAD,blinded_study,image88.jpeg,storage/processed_images/idpad/image88.jpeg,43fcb88145c6e4f5448c4e09c06a80943f4ad0762cbe477afd0921ef7910dc25,308,173,3,2309.27,189.41,62.66,187.79,189.85,191.31,62.44,62.65,65.05,58.29,16.86,195.04,193.95,127.67,127.11,None,NEGATIVE_CUTTING_AGENT,0%,Dimethyl Sulfone (100%),PRESUMPTIVE_NEGATIVE,idPAD_12Lane_Paper_Device,LED_Lightbox_Standard,FTIR_and_GCMS_Berrien_County_Crime_Lab,False,train
BLINDED_9P5,PMC7332374_NIHMS1576105_idPAD,blinded_study,image89.jpeg,storage/processed_images/idpad/image89.jpeg,4e5eeda74d6b9df83618dac62d1215365caa03eb6df109a57aa3ef49de804b43,295,166,3,2845.47,206.24,55.48,208.15,206.41,200.34,55.46,55.34,58.33,27.34,16.38,210.01,210.07,127.64,131.35,Methamphetamine,METHAMPHETAMINE,50%,Dimethyl Sulfone (50%),PRESUMPTIVE_POSITIVE,idPAD_12Lane_Paper_Device,LED_Lightbox_Standard,FTIR_and_GCMS_Berrien_County_Crime_Lab,False,train
BLINDED_9WN,PMC7332374_NIHMS1576105_idPAD,blinded_study,image90.jpeg,storage/processed_images/idpad/image90.jpeg,340855f0b9367a14e9351a75cdfd5ecddf158ef42b08717371ec9ae8d3de1cd6,297,167,3,2712.21,192.65,60.55,192.5,193.04,190.93,61.76,60.31,60.64,35.71,13.08,195.8,197.19,127.62,129.04,Heroin,HEROIN_OPIOID,50%,Lactose (50%),PRESUMPTIVE_POSITIVE,idPAD_12Lane_Paper_Device,LED_Lightbox_Standard,FTIR_and_GCMS_Berrien_County_Crime_Lab,False,train
BLINDED_9XP,PMC7332374_NIHMS1576105_idPAD,blinded_study,image91.jpeg,storage/processed_images/idpad/image91.jpeg,7e90238b5ee8e502153aa97c14893abcba593ccbfdb6eaa15396b7cf7ef79b55,314,177,3,2449.64,206.88,51.9,205.93,207.19,207.8,53.01,51.67,52.67,62.74,10.97,210.96,210.88,127.78,127.56,Crack Cocaine 2,COCAINE_SERIES,100%,None,PRESUMPTIVE_POSITIVE,idPAD_12Lane_Paper_Device,LED_Lightbox_Standard,FTIR_and_GCMS_Berrien_County_Crime_Lab,False,train
BLINDED_A7Z,PMC7332374_NIHMS1576105_idPAD,blinded_study,image92.jpeg,storage/processed_images/idpad/image92.jpeg,84507858d3654c6f972952d0a134bfe182c8e7145dbfd172235f7926c0a1aa26,292,165,3,2833.88,200.14,57.81,199.16,200.49,200.98,59.21,57.53,57.15,56.71,10.04,203.26,204.3,127.74,127.6,Cocaine HCl,COCAINE_SERIES,25%,Lactose (75%),PRESUMPTIVE_POSITIVE,idPAD_12Lane_Paper_Device,LED_Lightbox_Standard,FTIR_and_GCMS_Berrien_County_Crime_Lab,False,train
BLINDED_ARA,PMC7332374_NIHMS1576105_idPAD,blinded_study,image94.jpeg,storage/processed_images/idpad/image94.jpeg,ac07c4ac90e30f3e6ebbf1680f8885c139046f759f86c3d791a0c34b007f712d,305,171,3,2490.72,196.6,58.63,195.87,196.93,196.81,58.96,58.54,59.56,58.96,11.12,200.1,200.9,127.67,127.97,None,NEGATIVE_CUTTING_AGENT,0%,Dimethyl Sulfone (100%),PRESUMPTIVE_NEGATIVE,idPAD_12Lane_Paper_Device,LED_Lightbox_Standard,FTIR_and_GCMS_Berrien_County_Crime_Lab,False,train
BLINDED_AT8,PMC7332374_NIHMS1576105_idPAD,blinded_study,image95.jpeg,storage/processed_images/idpad/image95.jpeg,30012504883305fb7e693c1681d5e38e11631002c352735416242718b2630e6e,296,166,3,2795.42,201.93,55.15,199.94,202.29,205.15,56.67,54.82,54.99,59.83,14.83,207.73,206.09,127.84,126.32,Methamphetamine,METHAMPHETAMINE,100%,None,PRESUMPTIVE_POSITIVE,idPAD_12Lane_Paper_Device,LED_Lightbox_Standard,FTIR_and_GCMS_Berrien_County_Crime_Lab,False,train
BLINDED_AUM,PMC7332374_NIHMS1576105_idPAD,blinded_study,image96.jpeg,storage/processed_images/idpad/image96.jpeg,f69d43e5295a56ed6f35f2637b636a32f1c923e926a1ced729ceef09af7a8057,299,168,3,2650.16,203.03,53.6,203.1,202.93,203.41,53.8,53.67,54.04,61.74,8.16,205.98,207.04,128.2,127.82,None,NEGATIVE_CUTTING_AGENT,0%,Dimethyl Sulfone (100%),PRESUMPTIVE_NEGATIVE,idPAD_12Lane_Paper_Device,LED_Lightbox_Standard,FTIR_and_GCMS_Berrien_County_Crime_Lab,False,train
BLINDED_B3F,PMC7332374_NIHMS1576105_idPAD,blinded_study,image97.jpeg,storage/processed_images/idpad/image97.jpeg,14e9b33f3d0040b6dcc1ffaab518228093cfbf81a2e2ca2466339b62aeadcbf8,300,169,3,2699.11,194.08,60.62,193.15,195.36,189.87,62.68,59.74,62.46,37.26,18.85,197.82,198.83,126.31,130.63,Heroin,HEROIN_OPIOID,25%,Lactose (75%),PRESUMPTIVE_POSITIVE,idPAD_12Lane_Paper_Device,LED_Lightbox_Standard,FTIR_and_GCMS_Berrien_County_Crime_Lab,False,train
BLINDED_B68,PMC7332374_NIHMS1576105_idPAD,blinded_study,image98.jpeg,storage/processed_images/idpad/image98.jpeg,2ef4947c9f4a251ee62b3e0fd21d9332ddeb130e33a1d5abf3672163362a2775,304,171,3,2337.9,200.85,57.55,199.89,201.17,201.63,58.0,57.45,58.29,55.74,10.17,204.26,204.9,127.7,127.64,None,NEGATIVE_CUTTING_AGENT,0%,Lactose (100%),PRESUMPTIVE_NEGATIVE,idPAD_12Lane_Paper_Device,LED_Lightbox_Standard,FTIR_and_GCMS_Berrien_County_Crime_Lab,False,train
BLINDED_BB9,PMC7332374_NIHMS1576105_idPAD,blinded_study,image99.jpeg,storage/processed_images/idpad/image99.jpeg,a94cf661271ad9890debe74c496742a6d478ef75de44ad104ed306b2c726e11a,303,170,3,1220.03,232.42,42.24,231.12,232.43,235.67,43.59,42.36,39.51,39.45,7.96,236.21,234.25,128.22,126.21,None,NEGATIVE_CUTTING_AGENT,0%,Lactose (100%),PRESUMPTIVE_NEGATIVE,idPAD_12Lane_Paper_Device,LED_Lightbox_Standard,FTIR_and_GCMS_Berrien_County_Crime_Lab,False,train
BLINDED_BDB,PMC7332374_NIHMS1576105_idPAD,blinded_study,image100.jpeg,storage/processed_images/idpad/image100.jpeg,bde1c14c4a43fafbfa7afcf374a22543c3e87feeb02874bd0b9fbb3d9ef13041,297,167,3,2873.89,204.58,55.28,202.86,205.02,206.76,56.24,55.08,55.2,60.02,10.63,208.47,208.52,127.65,126.86,Methamphetamine,METHAMPHETAMINE,25%,Dimethyl Sulfone (75%),PRESUMPTIVE_POSITIVE,idPAD_12Lane_Paper_Device,LED_Lightbox_Standard,FTIR_and_GCMS_Berrien_County_Crime_Lab,False,train
BLINDED_BKZ,PMC7332374_NIHMS1576105_idPAD,blinded_study,image101.jpeg,storage/processed_images/idpad/image101.jpeg,5bf36e27ce4e2f27d020fd08d7a36518cccc4e7a9bf53a0195f06820ddcebe98,290,163,3,2865.1,198.31,58.37,198.57,198.76,195.28,59.64,58.08,58.51,30.47,13.6,201.51,202.62,127.45,129.78,Cocaine HCl,COCAINE_SERIES,25%,Lactose (75%),PRESUMPTIVE_POSITIVE,idPAD_12Lane_Paper_Device,LED_Lightbox_Standard,FTIR_and_GCMS_Berrien_County_Crime_Lab,False,train
BLINDED_BNG,PMC7332374_NIHMS1576105_idPAD,blinded_study,image103.jpeg,storage/processed_images/idpad/image103.jpeg,3824063bbe2c1b6af06e011db73b6856d3b3a038e81783cb0918df42bf08aaff,300,169,3,2095.85,190.7,63.97,189.44,191.13,191.71,64.44,63.64,65.68,60.4,13.5,194.95,195.03,127.56,127.57,Crack Cocaine 2,COCAINE_SERIES,100%,None,PRESUMPTIVE_POSITIVE,idPAD_12Lane_Paper_Device,LED_Lightbox_Standard,FTIR_and_GCMS_Berrien_County_Crime_Lab,False,train
BLINDED_BQ6,PMC7332374_NIHMS1576105_idPAD,blinded_study,image104.jpeg,storage/processed_images/idpad/image104.jpeg,984cfd03ffc0ad2d7b943eb86d549eca622a6403c61106baf9a8b7f7aa714fed,313,176,3,2542.88,198.33,57.7,198.2,198.49,197.76,57.87,57.67,59.05,47.62,12.37,202.08,202.52,127.85,128.39,Heroin,HEROIN_OPIOID,25%,Lactose (75%),PRESUMPTIVE_POSITIVE,idPAD_12Lane_Paper_Device,LED_Lightbox_Standard,FTIR_and_GCMS_Berrien_County_Crime_Lab,False,train
BLINDED_BZ9,PMC7332374_NIHMS1576105_idPAD,blinded_study,image105.jpeg,storage/processed_images/idpad/image105.jpeg,67878811f00f2080498fcf0d9fc76891fc6ac8e6b49723b12cd1f4b7f7a81de6,296,167,3,3057.44,199.72,58.33,199.34,200.09,198.81,59.65,58.05,58.15,45.82,12.15,202.98,203.86,127.64,128.58,Cocaine HCl,COCAINE_SERIES,25%,Lactose (75%),PRESUMPTIVE_POSITIVE,idPAD_12Lane_Paper_Device,LED_Lightbox_Standard,FTIR_and_GCMS_Berrien_County_Crime_Lab,False,train
BLINDED_C8V,PMC7332374_NIHMS1576105_idPAD,blinded_study,image106.jpeg,storage/processed_images/idpad/image106.jpeg,8f72d67bad9e3818aabcb5ef6258c61fdd4a4c50362d366c1913aef747de6a95,303,171,3,2457.27,198.22,56.77,197.47,198.55,198.45,57.3,56.54,58.08,57.51,10.75,201.6,202.53,127.68,127.98,Heroin,HEROIN_OPIOID,50%,Lactose (50%),PRESUMPTIVE_POSITIVE,idPAD_12Lane_Paper_Device,LED_Lightbox_Standard,FTIR_and_GCMS_Berrien_County_Crime_Lab,False,train
BLINDED_C97,PMC7332374_NIHMS1576105_idPAD,blinded_study,image107.jpeg,storage/processed_images/idpad/image107.jpeg,476578231f7962f31bf38cdd74712e56a06e34b6f0203fa9b1f04fe33706e30a,294,165,3,2913.48,200.63,55.69,199.95,200.88,201.08,56.14,55.67,56.27,55.43,11.46,204.46,204.8,127.8,127.81,Heroin,HEROIN_OPIOID,50%,Lactose (50%),PRESUMPTIVE_POSITIVE,idPAD_12Lane_Paper_Device,LED_Lightbox_Standard,FTIR_and_GCMS_Berrien_County_Crime_Lab,False,train
BLINDED_CNF,PMC7332374_NIHMS1576105_idPAD,blinded_study,image108.jpeg,storage/processed_images/idpad/image108.jpeg,2ec8829120a6ef279fab0981282918e312b0cd880d8b95a5b5db811072d79188,295,166,3,2459.65,201.4,55.37,200.56,201.8,201.46,55.87,55.08,57.17,51.17,12.47,205.37,205.6,127.57,128.08,Methamphetamine,METHAMPHETAMINE,25%,Dimethyl Sulfone (75%),PRESUMPTIVE_POSITIVE,idPAD_12Lane_Paper_Device,LED_Lightbox_Standard,FTIR_and_GCMS_Berrien_County_Crime_Lab,False,train
BLINDED_CS9,PMC7332374_NIHMS1576105_idPAD,blinded_study,image111.jpeg,storage/processed_images/idpad/image111.jpeg,f01d25033200843d60185c9e233b497f89453dea7ff28d85714b2a4babfb936a,293,165,3,2910.87,193.35,61.83,193.1,193.85,191.33,61.85,61.66,64.23,47.72,15.24,196.94,197.69,127.35,129.27,None,NEGATIVE_CUTTING_AGENT,0%,Lactose (100%),PRESUMPTIVE_NEGATIVE,idPAD_12Lane_Paper_Device,LED_Lightbox_Standard,FTIR_and_GCMS_Berrien_County_Crime_Lab,False,train
BLINDED_CSE,PMC7332374_NIHMS1576105_idPAD,blinded_study,image112.jpeg,storage/processed_images/idpad/image112.jpeg,b61d62a0eab0e11eadbae201aa72ec9d2ff7f78796c88cd58b10d570e56e45c4,291,164,3,2891.81,200.29,57.35,199.86,200.45,200.59,58.01,57.22,57.54,56.25,8.64,203.04,204.37,127.87,127.9,Methamphetamine,METHAMPHETAMINE,25%,Dimethyl Sulfone (75%),PRESUMPTIVE_POSITIVE,idPAD_12Lane_Paper_Device,LED_Lightbox_Standard,FTIR_and_GCMS_Berrien_County_Crime_Lab,False,train
BLINDED_D2P,PMC7332374_NIHMS1576105_idPAD,blinded_study,image114.jpeg,storage/processed_images/idpad/image114.jpeg,cbad0adc1d427aece9d3e410c086ed727eee0fe60e45c65ac8fc9925bf8f1d87,310,175,3,2447.27,195.02,60.3,194.49,195.61,193.37,60.68,59.96,62.8,50.75,13.66,198.39,199.43,127.25,129.1,Heroin,HEROIN_OPIOID,50%,Lactose (50%),PRESUMPTIVE_POSITIVE,idPAD_12Lane_Paper_Device,LED_Lightbox_Standard,FTIR_and_GCMS_Berrien_County_Crime_Lab,False,train
BLINDED_D4G,PMC7332374_NIHMS1576105_idPAD,blinded_study,image115.jpeg,storage/processed_images/idpad/image115.jpeg,afe3805e35308f4979bd8a064153d59c005552f3493355a68fa7710488cab485,303,170,3,2523.7,193.64,61.84,192.09,193.9,196.26,62.22,61.67,63.22,62.83,14.36,198.93,197.89,127.92,126.65,Cocaine HCl,COCAINE_SERIES,25%,Lactose (75%),PRESUMPTIVE_POSITIVE,idPAD_12Lane_Paper_Device,LED_Lightbox_Standard,FTIR_and_GCMS_Berrien_County_Crime_Lab,False,train
BLINDED_D8H,PMC7332374_NIHMS1576105_idPAD,blinded_study,image116.jpeg,storage/processed_images/idpad/image116.jpeg,4f37b44dab629b2f34dd23ad66aa9f8401a3994c7216aa1eb02e79974621e980,311,175,3,2817.28,192.48,61.59,192.54,193.02,189.47,61.91,61.45,63.1,39.16,14.42,195.49,196.93,127.3,129.8,Methamphetamine,METHAMPHETAMINE,50%,Dimethyl Sulfone (50%),PRESUMPTIVE_POSITIVE,idPAD_12Lane_Paper_Device,LED_Lightbox_Standard,FTIR_and_GCMS_Berrien_County_Crime_Lab,False,train
BLINDED_DGU,PMC7332374_NIHMS1576105_idPAD,blinded_study,image117.jpeg,storage/processed_images/idpad/image117.jpeg,4e3834c9e6bf1afaacccad367aaa3dd48211d5355492126e15769293afa5dbab,311,175,3,2307.97,207.01,51.83,205.31,207.26,210.06,52.88,51.62,52.38,68.92,13.82,212.77,210.94,127.93,126.43,None,NEGATIVE_CUTTING_AGENT,0%,Lactose (100%),PRESUMPTIVE_NEGATIVE,idPAD_12Lane_Paper_Device,LED_Lightbox_Standard,FTIR_and_GCMS_Berrien_County_Crime_Lab,False,train
BLINDED_DNZ,PMC7332374_NIHMS1576105_idPAD,blinded_study,image118.jpeg,storage/processed_images/idpad/image118.jpeg,9f6a0603b8c143b473077d3ca4a758fcf042fa9924c9621d9559dfb71ea4791e,310,175,3,2285.35,209.77,50.16,208.95,210.27,209.23,51.02,49.9,51.84,47.71,13.71,214.32,213.64,127.49,128.39,Heroin,HEROIN_OPIOID,50%,Lactose (50%),PRESUMPTIVE_POSITIVE,idPAD_12Lane_Paper_Device,LED_Lightbox_Standard,FTIR_and_GCMS_Berrien_County_Crime_Lab,False,train
BLINDED_DPP,PMC7332374_NIHMS1576105_idPAD,blinded_study,image119.jpeg,storage/processed_images/idpad/image119.jpeg,5c12e643df19ec0f6be89ded1000817e129e797c0d309b428b6307fd56cf19c0,311,175,3,2400.27,197.25,60.31,196.94,197.38,197.34,61.29,60.14,61.05,50.62,13.85,201.59,201.38,127.97,128.04,Cocaine HCl,COCAINE_SERIES,25%,Lactose (75%),PRESUMPTIVE_POSITIVE,idPAD_12Lane_Paper_Device,LED_Lightbox_Standard,FTIR_and_GCMS_Berrien_County_Crime_Lab,False,train
BLINDED_DUG,PMC7332374_NIHMS1576105_idPAD,blinded_study,image123.jpeg,storage/processed_images/idpad/image123.jpeg,64ee7787d5caf47f17be363fd1075497f3a189b055cea30288676f5498c5baf0,306,172,3,2248.74,196.07,61.1,187.86,198.7,203.89,69.42,58.88,57.83,69.98,28.23,205.07,201.33,125.84,124.24,None,NEGATIVE_CUTTING_AGENT,0%,Lactose (100%),PRESUMPTIVE_NEGATIVE,idPAD_12Lane_Paper_Device,LED_Lightbox_Standard,FTIR_and_GCMS_Berrien_County_Crime_Lab,False,train
BLINDED_E5F,PMC7332374_NIHMS1576105_idPAD,blinded_study,image125.jpeg,storage/processed_images/idpad/image125.jpeg,8cef974660d3ecadaa5a6f72132856044fa66f9c3af5cf8627cfb484456ed141,289,163,3,2620.46,195.96,58.57,197.27,196.04,191.94,58.16,58.67,60.82,34.17,15.12,199.53,200.29,127.82,130.31,None,NEGATIVE_CUTTING_AGENT,0%,Lactose (100%),PRESUMPTIVE_NEGATIVE,idPAD_12Lane_Paper_Device,LED_Lightbox_Standard,FTIR_and_GCMS_Berrien_County_Crime_Lab,False,train
BLINDED_E6Y,PMC7332374_NIHMS1576105_idPAD,blinded_study,image126.jpeg,storage/processed_images/idpad/image126.jpeg,b131858d6a01024583b95262e72ab8235a84c33c2c17cd83839b3271e952fdec,302,170,3,2209.26,201.0,59.24,201.47,201.34,197.89,59.64,59.06,60.8,30.77,13.46,203.93,205.02,127.56,129.83,None,NEGATIVE_CUTTING_AGENT,0%,Lactose (100%),PRESUMPTIVE_NEGATIVE,idPAD_12Lane_Paper_Device,LED_Lightbox_Standard,FTIR_and_GCMS_Berrien_County_Crime_Lab,False,train
BLINDED_EL5,PMC7332374_NIHMS1576105_idPAD,blinded_study,image129.jpeg,storage/processed_images/idpad/image129.jpeg,48df90bbe54efc85c8afe28f8c29a381b8f3f70000eea8547eb46e0d4786dda8,294,166,3,2723.36,196.64,61.4,196.01,196.72,197.79,61.54,61.35,63.01,52.25,14.45,201.57,200.66,128.07,127.46,None,NEGATIVE_CUTTING_AGENT,0%,Lactose (100%),PRESUMPTIVE_NEGATIVE,idPAD_12Lane_Paper_Device,LED_Lightbox_Standard,FTIR_and_GCMS_Berrien_County_Crime_Lab,False,train
BLINDED_ELJ,PMC7332374_NIHMS1576105_idPAD,blinded_study,image130.jpeg,storage/processed_images/idpad/image130.jpeg,c90428e8e2b6e6c1d279da0db470a470273f992fa581e4bbc18d114af76a7344,298,168,3,2861.18,201.32,57.46,200.37,201.77,201.43,58.4,57.15,58.46,53.28,13.67,205.54,205.39,127.52,128.06,Methamphetamine,METHAMPHETAMINE,25%,Dimethyl Sulfone (75%),PRESUMPTIVE_POSITIVE,idPAD_12Lane_Paper_Device,LED_Lightbox_Standard,FTIR_and_GCMS_Berrien_County_Crime_Lab,False,train
BLINDED_ERK,PMC7332374_NIHMS1576105_idPAD,blinded_study,image131.jpeg,storage/processed_images/idpad/image131.jpeg,6228d56ad77755bb6d503a490a2c48dd9e2507ee0ff976692b1ca78015eded45,296,167,3,2742.68,204.31,54.26,203.26,204.55,205.75,55.04,54.13,55.05,59.36,12.55,209.02,208.31,127.87,127.3,Heroin,HEROIN_OPIOID,25%,Lactose (75%),PRESUMPTIVE_POSITIVE,idPAD_12Lane_Paper_Device,LED_Lightbox_Standard,FTIR_and_GCMS_Berrien_County_Crime_Lab,False,train
BLINDED_EUJ,PMC7332374_NIHMS1576105_idPAD,blinded_study,image132.jpeg,storage/processed_images/idpad/image132.jpeg,e81ee42b852fb79d55abb4e3043aa0f078805f38db81d1178b9fd1e58a87c3dc,290,163,3,2522.36,192.01,62.85,190.72,192.45,193.02,63.1,62.59,65.22,58.09,15.0,196.78,196.36,127.58,127.61,Heroin,HEROIN_OPIOID,100%,None,PRESUMPTIVE_POSITIVE,idPAD_12Lane_Paper_Device,LED_Lightbox_Standard,FTIR_and_GCMS_Berrien_County_Crime_Lab,False,train
BLINDED_EYH,PMC7332374_NIHMS1576105_idPAD,blinded_study,image133.jpeg,storage/processed_images/idpad/image133.jpeg,d5557423b67e27f180598032e8e1f25b7e5965ad5d4317af67d075cb2763a8de,294,165,3,2619.36,194.32,58.43,197.1,194.17,187.9,57.51,58.47,62.32,34.06,20.13,198.66,198.78,128.03,131.72,None,NEGATIVE_CUTTING_AGENT,0%,Lactose (100%),PRESUMPTIVE_NEGATIVE,idPAD_12Lane_Paper_Device,LED_Lightbox_Standard,FTIR_and_GCMS_Berrien_County_Crime_Lab,False,train
BLINDED_F2Q,PMC7332374_NIHMS1576105_idPAD,blinded_study,image134.jpeg,storage/processed_images/idpad/image134.jpeg,a08e9e67a69e949bd1292e7d104b92838ac81ebeb101148ca7d069956fc28924,301,169,3,2523.36,198.6,57.62,197.39,199.09,199.34,58.68,57.37,57.92,60.49,10.62,201.85,202.92,127.55,127.7,Cocaine HCl,COCAINE_SERIES,100%,None,PRESUMPTIVE_POSITIVE,idPAD_12Lane_Paper_Device,LED_Lightbox_Standard,FTIR_and_GCMS_Berrien_County_Crime_Lab,False,train
BLINDED_F4X,PMC7332374_NIHMS1576105_idPAD,blinded_study,image135.jpeg,storage/processed_images/idpad/image135.jpeg,29c8d1d71014bf74607c60382d228f3527db93646eeb8136a15b76020b24f607,294,166,3,2577.49,191.97,63.67,189.49,192.46,195.8,64.82,63.34,63.92,68.45,14.38,197.39,196.26,127.67,125.98,Crack Cocaine 1,COCAINE_SERIES,100%,Cut with Nicotinamide,PRESUMPTIVE_POSITIVE,idPAD_12Lane_Paper_Device,LED_Lightbox_Standard,FTIR_and_GCMS_Berrien_County_Crime_Lab,False,train
BLINDED_FCJ,PMC7332374_NIHMS1576105_idPAD,blinded_study,image136.jpeg,storage/processed_images/idpad/image136.jpeg,fbf9497b46de882c5f29eadfc7035256b2a47c89eee703b61f1b00d3d5c00574,302,170,3,2005.04,188.85,62.8,187.39,189.18,190.82,62.91,62.61,65.21,61.19,16.98,194.67,193.37,127.81,127.05,None,NEGATIVE_CUTTING_AGENT,0%,Lactose (100%),PRESUMPTIVE_NEGATIVE,idPAD_12Lane_Paper_Device,LED_Lightbox_Standard,FTIR_and_GCMS_Berrien_County_Crime_Lab,False,train
BLINDED_FDB,PMC7332374_NIHMS1576105_idPAD,blinded_study,image137.jpeg,storage/processed_images/idpad/image137.jpeg,e2a822d7425aef5c64df8f6a7480aeef3476da4fd89aa894cf74579eae099294,308,173,3,2681.77,201.35,53.19,198.46,202.49,203.25,56.9,52.2,52.62,68.7,15.94,206.25,206.05,126.94,127.2,Methamphetamine,METHAMPHETAMINE,100%,None,PRESUMPTIVE_POSITIVE,idPAD_12Lane_Paper_Device,LED_Lightbox_Standard,FTIR_and_GCMS_Berrien_County_Crime_Lab,False,train
BLINDED_FF7,PMC7332374_NIHMS1576105_idPAD,blinded_study,image138.jpeg,storage/processed_images/idpad/image138.jpeg,7fb6654b8a2a719eac54f2339c020026a777dc71f55313b89ed6b21511c562b1,294,165,3,2322.1,203.0,55.04,205.82,203.11,195.09,55.18,54.98,57.12,22.54,20.14,207.47,207.13,127.65,132.43,Heroin,HEROIN_OPIOID,25%,Lactose (75%),PRESUMPTIVE_POSITIVE,idPAD_12Lane_Paper_Device,LED_Lightbox_Standard,FTIR_and_GCMS_Berrien_County_Crime_Lab,False,train
BLINDED_FGB,PMC7332374_NIHMS1576105_idPAD,blinded_study,image139.jpeg,storage/processed_images/idpad/image139.jpeg,11466ee70de6683d4575c636999e48e8d5946849e54e417bd51c1dcc4944f637,293,165,3,2440.18,194.77,60.97,193.74,194.99,196.38,61.08,60.95,62.25,60.33,12.61,199.26,198.99,127.9,127.19,None,NEGATIVE_CUTTING_AGENT,0%,Dimethyl Sulphone (100%),PRESUMPTIVE_NEGATIVE,idPAD_12Lane_Paper_Device,LED_Lightbox_Standard,FTIR_and_GCMS_Berrien_County_Crime_Lab,False,train
BLINDED_FJJ,PMC7332374_NIHMS1576105_idPAD,blinded_study,image140.jpeg,storage/processed_images/idpad/image140.jpeg,836b1b91fe2f00482c13ce67d8c44e66934423d372db2791f82bc5888f8d9d7c,288,162,3,2043.25,192.45,65.75,193.65,192.62,188.37,64.76,65.82,69.55,32.57,18.06,195.93,196.53,127.73,130.47,Heroin,HEROIN_OPIOID,25%,Lactose (75%),PRESUMPTIVE_POSITIVE,idPAD_12Lane_Paper_Device,LED_Lightbox_Standard,FTIR_and_GCMS_Berrien_County_Crime_Lab,False,train
BLINDED_FRL,PMC7332374_NIHMS1576105_idPAD,blinded_study,image141.jpeg,storage/processed_images/idpad/image141.jpeg,a3e4a3bde026858b43e4e14cd3fa3932530c4d023e47afeac931a5949bc90de2,307,173,3,2110.17,198.25,60.2,196.42,198.93,199.54,61.4,59.76,61.32,57.88,13.6,202.7,202.46,127.33,127.44,Cocaine HCl,COCAINE_SERIES,50%,Lactose (50%),PRESUMPTIVE_POSITIVE,idPAD_12Lane_Paper_Device,LED_Lightbox_Standard,FTIR_and_GCMS_Berrien_County_Crime_Lab,False,train
BLINDED_FRX,PMC7332374_NIHMS1576105_idPAD,blinded_study,image142.jpeg,storage/processed_images/idpad/image142.jpeg,7cfbd52e4120303ebdd639870c840f950340c1315d48949f510f77ea7d0c6220,289,162,3,2780.97,203.93,54.61,202.46,204.47,204.98,55.4,54.46,54.6,62.02,9.76,207.11,207.99,127.46,127.49,Heroin,HEROIN_OPIOID,25%,Lactose (75%),PRESUMPTIVE_POSITIVE,idPAD_12Lane_Paper_Device,LED_Lightbox_Standard,FTIR_and_GCMS_Berrien_County_Crime_Lab,False,train
BLINDED_FW7,PMC7332374_NIHMS1576105_idPAD,blinded_study,image144.jpeg,storage/processed_images/idpad/image144.jpeg,f973d0bf2abd0109f043ba52597d24319b05becd811a991e18326ea377fa5b9b,294,165,3,2642.36,209.18,52.44,207.69,209.63,210.71,53.47,52.16,52.83,56.29,10.46,213.16,212.94,127.6,127.25,Crack Cocaine 2,COCAINE_SERIES,100%,None,PRESUMPTIVE_POSITIVE,idPAD_12Lane_Paper_Device,LED_Lightbox_Standard,FTIR_and_GCMS_Berrien_County_Crime_Lab,False,train
BLINDED_FWC,PMC7332374_NIHMS1576105_idPAD,blinded_study,image145.jpeg,storage/processed_images/idpad/image145.jpeg,c585f23d997ff251a0d7d10547721ab37838710d58f7361c3c1921777827a5fb,301,169,3,2761.0,191.79,62.57,191.68,192.18,190.0,62.79,62.47,64.22,45.24,14.45,195.21,196.17,127.53,129.13,Crack Cocaine 1,COCAINE_SERIES,100%,Cut with Nicotinamide,PRESUMPTIVE_POSITIVE,idPAD_12Lane_Paper_Device,LED_Lightbox_Standard,FTIR_and_GCMS_Berrien_County_Crime_Lab,False,train
BLINDED_G35,PMC7332374_NIHMS1576105_idPAD,blinded_study,image146.jpeg,storage/processed_images/idpad/image146.jpeg,bda5c3435859e172c2fd167d8f61a11b5158dfc9c6b446fbe06f3f2a36fa2193,304,171,3,2850.76,194.43,60.89,193.76,194.82,194.01,61.36,60.67,62.67,51.76,16.21,199.04,198.74,127.59,128.35,None,NEGATIVE_CUTTING_AGENT,0%,Lactose (100%),PRESUMPTIVE_NEGATIVE,idPAD_12Lane_Paper_Device,LED_Lightbox_Standard,FTIR_and_GCMS_Berrien_County_Crime_Lab,False,train
BLINDED_G6Z,PMC7332374_NIHMS1576105_idPAD,blinded_study,image147.jpeg,storage/processed_images/idpad/image147.jpeg,49bd4759d5029e14883f635cf8fb9634b42d979a6bc64e212bbcbfb1e65a481f,303,170,3,2832.73,205.37,52.47,200.3,206.75,211.31,55.69,51.76,51.24,75.6,18.72,212.71,209.77,126.83,124.97,Crack Cocaine 2,COCAINE_SERIES,100%,None,PRESUMPTIVE_POSITIVE,idPAD_12Lane_Paper_Device,LED_Lightbox_Standard,FTIR_and_GCMS_Berrien_County_Crime_Lab,False,train
BLINDED_GCT,PMC7332374_NIHMS1576105_idPAD,blinded_study,image148.jpeg,storage/processed_images/idpad/image148.jpeg,76e17a7253ff1536f8eb9df9f414b44a17c5b75cae1a69ba210f3126a7864571,296,167,3,2821.95,200.84,57.79,199.64,201.12,202.44,58.71,57.67,57.87,59.47,12.62,205.31,204.89,127.83,127.17,Methamphetamine,METHAMPHETAMINE,25%,Dimethyl Sulfone (75%),PRESUMPTIVE_POSITIVE,idPAD_12Lane_Paper_Device,LED_Lightbox_Standard,FTIR_and_GCMS_Berrien_County_Crime_Lab,False,train
BLINDED_GGD,PMC7332374_NIHMS1576105_idPAD,blinded_study,image149.jpeg,storage/processed_images/idpad/image149.jpeg,485dd4d1dfa7f5c6c5361b3c89010ccb93f16e16507d90ac6af3181bd1ce22b8,297,167,3,2599.56,195.56,61.36,194.03,196.24,196.08,62.13,61.03,63.0,55.71,12.93,199.32,199.88,127.29,127.89,Cocaine HCl,COCAINE_SERIES,50%,Lactose (50%),PRESUMPTIVE_POSITIVE,idPAD_12Lane_Paper_Device,LED_Lightbox_Standard,FTIR_and_GCMS_Berrien_County_Crime_Lab,False,train
BLINDED_GLK,PMC7332374_NIHMS1576105_idPAD,blinded_study,image151.jpeg,storage/processed_images/idpad/image151.jpeg,d35f4a0cce4ddaa3a10493aea663ee7ee27f80802618ac6da67c46b51b0b6420,311,175,3,2452.42,195.92,62.01,197.23,196.09,191.47,61.76,61.97,64.6,32.53,16.17,199.27,200.03,127.7,130.61,Crack Cocaine 2,COCAINE_SERIES,100%,None,PRESUMPTIVE_POSITIVE,idPAD_12Lane_Paper_Device,LED_Lightbox_Standard,FTIR_and_GCMS_Berrien_County_Crime_Lab,False,train
BLINDED_GPN,PMC7332374_NIHMS1576105_idPAD,blinded_study,image153.jpeg,storage/processed_images/idpad/image153.jpeg,20dceed3f73afe7709dbda565f35d0d1a30d221724e8f57fe72ebe81297db1b7,303,170,3,2654.0,203.06,57.15,202.27,203.53,202.65,58.65,56.83,56.68,45.6,10.33,205.89,207.08,127.55,128.3,Methamphetamine,METHAMPHETAMINE,100%,None,PRESUMPTIVE_POSITIVE,idPAD_12Lane_Paper_Device,LED_Lightbox_Standard,FTIR_and_GCMS_Berrien_County_Crime_Lab,False,train
BLINDED_GTQ,PMC7332374_NIHMS1576105_idPAD,blinded_study,image154.jpeg,storage/processed_images/idpad/image154.jpeg,f21cf7b8804e1d6f688f5eed25856c9df4b41f39c2aa56b7e2495b1bed77ba58,302,170,3,2712.14,206.57,53.12,204.05,207.2,209.82,55.08,52.63,52.97,73.07,14.4,212.26,210.6,127.51,126.34,Methamphetamine,METHAMPHETAMINE,25%,Dimethyl Sulfone (75%),PRESUMPTIVE_POSITIVE,idPAD_12Lane_Paper_Device,LED_Lightbox_Standard,FTIR_and_GCMS_Berrien_County_Crime_Lab,False,train
BLINDED_GX3,PMC7332374_NIHMS1576105_idPAD,blinded_study,image155.jpeg,storage/processed_images/idpad/image155.jpeg,71fc94ed30a839236ca509ed4e56d292d10559ba9450b43886c251586433fe66,310,174,3,2450.02,207.99,51.66,207.07,208.55,207.41,52.65,51.39,53.02,49.99,13.98,212.41,211.96,127.39,128.42,Cocaine HCl,COCAINE_SERIES,25%,Lactose (75%),PRESUMPTIVE_POSITIVE,idPAD_12Lane_Paper_Device,LED_Lightbox_Standard,FTIR_and_GCMS_Berrien_County_Crime_Lab,False,train
BLINDED_H8G,PMC7332374_NIHMS1576105_idPAD,blinded_study,image158.jpeg,storage/processed_images/idpad/image158.jpeg,29e2d79dc365b75b5ef4e2068a9c94be0d042d05bc15a27a0022a06ca736a5cc,305,171,3,2519.72,194.16,60.38,192.94,194.37,196.33,60.85,60.17,61.91,64.75,13.78,199.31,198.47,127.96,126.9,Methamphetamine,METHAMPHETAMINE,100%,None,PRESUMPTIVE_POSITIVE,idPAD_12Lane_Paper_Device,LED_Lightbox_Standard,FTIR_and_GCMS_Berrien_County_Crime_Lab,False,train
BLINDED_HDH,PMC7332374_NIHMS1576105_idPAD,blinded_study,image159.jpeg,storage/processed_images/idpad/image159.jpeg,7a1957e4f8b00aa38b48e1781c0816910fb6e77d95ac123b924e1b25219e2dcf,305,171,3,2508.92,195.16,63.37,197.84,195.19,187.94,62.31,63.38,67.82,26.19,22.14,199.3,199.24,127.81,132.23,Methamphetamine,METHAMPHETAMINE,100%,None,PRESUMPTIVE_POSITIVE,idPAD_12Lane_Paper_Device,LED_Lightbox_Standard,FTIR_and_GCMS_Berrien_County_Crime_Lab,False,train
BLINDED_HJJ,PMC7332374_NIHMS1576105_idPAD,blinded_study,image161.jpeg,storage/processed_images/idpad/image161.jpeg,bb4254788467ebde5bd4dc12e1f53f32b5a884f81c9544995cf0e0c48e32ddce,317,179,3,2598.23,206.28,53.68,202.32,207.47,210.51,56.84,52.78,53.7,70.99,18.37,213.26,210.54,126.94,125.96,Heroin,HEROIN_OPIOID,100%,None,PRESUMPTIVE_POSITIVE,idPAD_12Lane_Paper_Device,LED_Lightbox_Standard,FTIR_and_GCMS_Berrien_County_Crime_Lab,False,train
BLINDED_J43,PMC7332374_NIHMS1576105_idPAD,blinded_study,image162.jpeg,storage/processed_images/idpad/image162.jpeg,05c0696ed54c7ce67551b22a91854a7e40059bf56cc184b4ecd176ad9756bb8f,296,166,3,2683.07,201.42,57.14,200.22,201.69,203.13,58.4,56.87,57.11,63.1,12.65,205.69,205.49,127.88,127.12,Heroin,HEROIN_OPIOID,100%,None,PRESUMPTIVE_POSITIVE,idPAD_12Lane_Paper_Device,LED_Lightbox_Standard,FTIR_and_GCMS_Berrien_County_Crime_Lab,False,train
BLINDED_J95,PMC7332374_NIHMS1576105_idPAD,blinded_study,image163.jpeg,storage/processed_images/idpad/image163.jpeg,60026ddcc5c5cee9003a4888f596af761e291deae3c4b3cbcce47bffb3bc90f7,313,176,3,2781.18,199.66,58.69,199.66,200.1,197.29,59.81,58.44,59.05,32.15,13.0,202.79,203.85,127.5,129.41,Crack Cocaine 1,COCAINE_SERIES,100%,Cut with Nicotinamide,PRESUMPTIVE_POSITIVE,idPAD_12Lane_Paper_Device,LED_Lightbox_Standard,FTIR_and_GCMS_Berrien_County_Crime_Lab,False,train
BLINDED_JAY,PMC7332374_NIHMS1576105_idPAD,blinded_study,image164.jpeg,storage/processed_images/idpad/image164.jpeg,3c7bc2768ac536e901806d4966031127c43b117b919ff2ca635c381d0c006df0,286,161,3,3017.61,192.01,62.7,191.91,192.43,190.16,63.05,62.46,65.2,50.27,15.91,195.73,196.39,127.51,129.12,Methamphetamine,METHAMPHETAMINE,25%,Dimethyl Sulfone (75%),PRESUMPTIVE_POSITIVE,idPAD_12Lane_Paper_Device,LED_Lightbox_Standard,FTIR_and_GCMS_Berrien_County_Crime_Lab,False,train
BLINDED_JEM,PMC7332374_NIHMS1576105_idPAD,blinded_study,image165.jpeg,storage/processed_images/idpad/image165.jpeg,9109a01db20a4f2b04587950bcb19a17bae025a21a3470082ccc23db8ea4b023,290,163,3,3056.41,188.43,64.32,190.46,188.58,182.29,64.09,64.22,66.64,25.24,18.09,191.74,192.86,127.62,131.58,None,NEGATIVE_CUTTING_AGENT,0%,Lactose (100%),PRESUMPTIVE_NEGATIVE,idPAD_12Lane_Paper_Device,LED_Lightbox_Standard,FTIR_and_GCMS_Berrien_County_Crime_Lab,False,train
BLINDED_JG2,PMC7332374_NIHMS1576105_idPAD,blinded_study,image166.jpeg,storage/processed_images/idpad/image166.jpeg,b8128cab4144c65627c7c128890f38cb5ab1cdb568d901ef8a43d4f2eec718ad,298,167,3,2589.4,200.01,56.6,199.95,200.32,198.52,57.5,56.48,56.85,36.93,11.78,203.11,204.27,127.71,128.89,None,NEGATIVE_CUTTING_AGENT,0%,Lactose (100%),PRESUMPTIVE_NEGATIVE,idPAD_12Lane_Paper_Device,LED_Lightbox_Standard,FTIR_and_GCMS_Berrien_County_Crime_Lab,False,train
BLINDED_JHJ,PMC7332374_NIHMS1576105_idPAD,blinded_study,image167.jpeg,storage/processed_images/idpad/image167.jpeg,62d03de5b80ae5c68051875041299a8f7f3f7d82fdd10dfb0e401dd9ed209454,296,167,3,2799.93,202.64,57.6,204.44,202.84,196.92,57.13,57.62,60.41,30.53,16.05,206.02,206.59,127.62,131.29,None,NEGATIVE_CUTTING_AGENT,0%,Dimethyl Sulfone (100%),PRESUMPTIVE_NEGATIVE,idPAD_12Lane_Paper_Device,LED_Lightbox_Standard,FTIR_and_GCMS_Berrien_County_Crime_Lab,False,train
BLINDED_JKL,PMC7332374_NIHMS1576105_idPAD,blinded_study,image168.jpeg,storage/processed_images/idpad/image168.jpeg,d89c3681e776584b7c33df7230a486ddd4148707008d13c1f4062bec517f31b3,302,170,3,2082.72,191.06,63.7,189.85,191.36,192.59,63.43,63.57,66.43,57.73,15.57,196.14,195.33,127.8,127.3,None,NEGATIVE_CUTTING_AGENT,0%,Dimethyl Sulfone (100%),PRESUMPTIVE_NEGATIVE,idPAD_12Lane_Paper_Device,LED_Lightbox_Standard,FTIR_and_GCMS_Berrien_County_Crime_Lab,False,train
BLINDED_JTB,PMC7332374_NIHMS1576105_idPAD,blinded_study,image169.jpeg,storage/processed_images/idpad/image169.jpeg,d3bd0e8d0a1b25417bc16178309bd67bd221ec984df578e8384ebcfa225035c8,298,168,3,2760.67,198.09,57.34,196.77,198.63,198.81,58.17,57.01,58.43,64.42,11.93,201.94,202.44,127.43,127.73,Heroin,HEROIN_OPIOID,25%,Lactose (75%),PRESUMPTIVE_POSITIVE,idPAD_12Lane_Paper_Device,LED_Lightbox_Standard,FTIR_and_GCMS_Berrien_County_Crime_Lab,False,train
BLINDED_K67,PMC7332374_NIHMS1576105_idPAD,blinded_study,image170.jpeg,storage/processed_images/idpad/image170.jpeg,d9e61e039c9fc64e5785ff1a38a47234f526109386c572f13ed8085ad959c5ca,292,164,3,2685.56,197.69,57.39,196.79,198.31,196.86,58.92,57.06,57.18,41.02,12.41,200.81,202.14,127.37,128.56,Cocaine HCl,COCAINE_SERIES,25%,Lactose (75%),PRESUMPTIVE_POSITIVE,idPAD_12Lane_Paper_Device,LED_Lightbox_Standard,FTIR_and_GCMS_Berrien_County_Crime_Lab,False,train
BLINDED_K8S,PMC7332374_NIHMS1576105_idPAD,blinded_study,image172.jpeg,storage/processed_images/idpad/image172.jpeg,52970bc8b1f1f9117a22d8f9c103801dfbb0de56dd9ada36ab8f9b0103b4e37f,297,167,3,2746.91,203.11,55.48,202.78,203.53,201.81,56.09,55.34,56.07,39.32,10.15,205.81,207.19,127.53,128.79,Methamphetamine,METHAMPHETAMINE,50%,Dimethyl Sulfone (50%),PRESUMPTIVE_POSITIVE,idPAD_12Lane_Paper_Device,LED_Lightbox_Standard,FTIR_and_GCMS_Berrien_County_Crime_Lab,False,train
BLINDED_KFW,PMC7332374_NIHMS1576105_idPAD,blinded_study,image174.jpeg,storage/processed_images/idpad/image174.jpeg,e08952b11a8e4efe027f49804e981b2a6e41fb503a1c9fb7e3dfbeb8d7ff83ed,300,169,3,2737.35,206.12,54.93,204.2,206.65,208.27,55.84,54.8,55.22,63.09,11.98,210.49,210.0,127.56,126.93,None,NEGATIVE_CUTTING_AGENT,0%,Lactose (100%),PRESUMPTIVE_NEGATIVE,idPAD_12Lane_Paper_Device,LED_Lightbox_Standard,FTIR_and_GCMS_Berrien_County_Crime_Lab,False,train
BLINDED_KNX,PMC7332374_NIHMS1576105_idPAD,blinded_study,image175.jpeg,storage/processed_images/idpad/image175.jpeg,b427025a6964951a556f35d0659baef3cfaffcf329eda6b2ea2b5b39342e4159,304,171,3,2640.04,199.37,56.8,198.04,200.1,199.16,57.57,56.53,57.91,57.37,12.04,203.0,203.73,127.17,128.26,Methamphetamine,METHAMPHETAMINE,100%,None,PRESUMPTIVE_POSITIVE,idPAD_12Lane_Paper_Device,LED_Lightbox_Standard,FTIR_and_GCMS_Berrien_County_Crime_Lab,False,train
BLINDED_KPX,PMC7332374_NIHMS1576105_idPAD,blinded_study,image176.jpeg,storage/processed_images/idpad/image176.jpeg,186ac7298b6c99786c819f417ebdae2cbea6f896409c0ffb0173b4b57aec1382,305,172,3,2598.03,202.25,54.72,200.22,202.74,204.95,55.62,54.51,55.09,60.79,13.44,207.42,206.42,127.63,126.62,Heroin,HEROIN_OPIOID,25%,Lactose (75%),PRESUMPTIVE_POSITIVE,idPAD_12Lane_Paper_Device,LED_Lightbox_Standard,FTIR_and_GCMS_Berrien_County_Crime_Lab,False,train
BLINDED_KQD,PMC7332374_NIHMS1576105_idPAD,blinded_study,image177.jpeg,storage/processed_images/idpad/image177.jpeg,9934a0a2b92623e77fdf3e29ed599fa916bf07ecd45c099d6417cc7ac9126a8b,316,178,3,2441.21,205.42,54.05,204.9,206.21,202.63,54.85,53.61,57.16,48.98,18.75,210.5,209.56,127.03,129.72,Cocaine HCl,COCAINE_SERIES,25%,Lactose (75%),PRESUMPTIVE_POSITIVE,idPAD_12Lane_Paper_Device,LED_Lightbox_Standard,FTIR_and_GCMS_Berrien_County_Crime_Lab,False,train
BLINDED_L3T,PMC7332374_NIHMS1576105_idPAD,blinded_study,image179.jpeg,storage/processed_images/idpad/image179.jpeg,4d4fbb034edb53365022a0cbf93a4bddd5cfefb706089b1bf5d84833e7ca0684,305,172,3,2336.94,204.48,53.62,206.96,204.42,198.28,53.11,53.71,57.04,31.67,18.14,208.97,208.53,127.95,131.5,Heroin,HEROIN_OPIOID,50%,Lactose (50%),PRESUMPTIVE_POSITIVE,idPAD_12Lane_Paper_Device,LED_Lightbox_Standard,FTIR_and_GCMS_Berrien_County_Crime_Lab,False,train
BLINDED_L4A,PMC7332374_NIHMS1576105_idPAD,blinded_study,image180.jpeg,storage/processed_images/idpad/image180.jpeg,11b7df539f7c6063a8e1ef9e16d130ad34451c3e947bb98ba7c08ce64d0ba545,305,171,3,2234.9,198.27,57.61,197.31,198.96,197.21,57.98,57.31,60.03,53.99,15.15,202.64,202.65,127.18,128.75,None,NEGATIVE_CUTTING_AGENT,0%,Lactose (100%),PRESUMPTIVE_NEGATIVE,idPAD_12Lane_Paper_Device,LED_Lightbox_Standard,FTIR_and_GCMS_Berrien_County_Crime_Lab,False,train
BLINDED_LBN,PMC7332374_NIHMS1576105_idPAD,blinded_study,image181.jpeg,storage/processed_images/idpad/image181.jpeg,b3fe3336f8aca094418b6bcd7ad82285edbc0a17bbc0a50e5a0a294e57e412f1,308,173,3,2669.05,200.62,57.26,200.56,200.96,198.91,58.08,57.09,57.39,34.77,9.79,203.05,204.76,127.6,129.0,Methamphetamine,METHAMPHETAMINE,50%,Dimethyl Sulfone (50%),PRESUMPTIVE_POSITIVE,idPAD_12Lane_Paper_Device,LED_Lightbox_Standard,FTIR_and_GCMS_Berrien_County_Crime_Lab,False,train
BLINDED_LUL,PMC7332374_NIHMS1576105_idPAD,blinded_study,image185.jpeg,storage/processed_images/idpad/image185.jpeg,0ff7e1f7ad71b88b5c987b33e9e263e0a44af8fe2b0a8d3c22d4d1a81305a78e,299,168,3,2242.06,199.26,57.32,196.89,199.88,202.11,58.54,56.94,57.79,61.06,13.26,204.18,203.53,127.48,126.55,Cocaine HCl,COCAINE_SERIES,50%,Lactose (50%),PRESUMPTIVE_POSITIVE,idPAD_12Lane_Paper_Device,LED_Lightbox_Standard,FTIR_and_GCMS_Berrien_County_Crime_Lab,False,train
BLINDED_LVA,PMC7332374_NIHMS1576105_idPAD,blinded_study,image186.jpeg,storage/processed_images/idpad/image186.jpeg,11395ebdc120cd54fe690e471448f02f51d7d099e8eefe7dd7be6660984885ab,316,178,3,2194.97,206.6,51.9,205.22,206.87,208.69,53.31,51.7,51.61,62.93,12.31,211.32,210.57,127.88,126.9,Cocaine HCl,COCAINE_SERIES,100%,None,PRESUMPTIVE_POSITIVE,idPAD_12Lane_Paper_Device,LED_Lightbox_Standard,FTIR_and_GCMS_Berrien_County_Crime_Lab,False,train
BLINDED_LWK,PMC7332374_NIHMS1576105_idPAD,blinded_study,image187.jpeg,storage/processed_images/idpad/image187.jpeg,7b592560c59bdd024adc95ca237a0be95ad589c33cf3d4236c8d383061a927e6,306,172,3,2811.28,196.62,60.58,197.06,197.03,193.24,61.4,60.37,61.62,33.65,14.51,199.84,200.87,127.49,129.98,Cocaine HCl,COCAINE_SERIES,100%,None,PRESUMPTIVE_POSITIVE,idPAD_12Lane_Paper_Device,LED_Lightbox_Standard,FTIR_and_GCMS_Berrien_County_Crime_Lab,False,train
BLINDED_MAD,PMC7332374_NIHMS1576105_idPAD,blinded_study,image189.jpeg,storage/processed_images/idpad/image189.jpeg,7f979cf1a9347d42a0956b6f4b7d5b29749e760ac61630202db2c8c8d01abb23,306,172,3,2352.81,198.64,56.55,197.47,198.97,200.0,56.96,56.38,58.07,61.28,12.53,203.15,202.94,127.74,127.35,Heroin,HEROIN_OPIOID,25%,Lactose (75%),PRESUMPTIVE_POSITIVE,idPAD_12Lane_Paper_Device,LED_Lightbox_Standard,FTIR_and_GCMS_Berrien_County_Crime_Lab,False,train
BLINDED_MB5,PMC7332374_NIHMS1576105_idPAD,blinded_study,image190.jpeg,storage/processed_images/idpad/image190.jpeg,b465c86949da3029cfc17cf18a6704a282614ac4ed47bdbc1d58b6d6aac910d1,299,168,3,2706.01,199.49,57.02,200.16,199.77,196.22,58.25,56.79,56.93,28.6,13.99,202.9,203.77,127.67,129.88,Methamphetamine,METHAMPHETAMINE,50%,Dimethyl Sulfone (50%),PRESUMPTIVE_POSITIVE,idPAD_12Lane_Paper_Device,LED_Lightbox_Standard,FTIR_and_GCMS_Berrien_County_Crime_Lab,False,train
BLINDED_MCP,PMC7332374_NIHMS1576105_idPAD,blinded_study,image192.jpeg,storage/processed_images/idpad/image192.jpeg,f05b9a7d42a07121f959999e15b8b99e727b119eaaf4d3ee000e5f33b35ec5d0,300,169,3,2110.65,192.15,61.26,190.24,192.79,193.76,61.65,61.01,63.15,60.63,14.47,197.11,196.65,127.36,127.26,None,NEGATIVE_CUTTING_AGENT,0%,Lactose (100%),PRESUMPTIVE_NEGATIVE,idPAD_12Lane_Paper_Device,LED_Lightbox_Standard,FTIR_and_GCMS_Berrien_County_Crime_Lab,False,train
BLINDED_MJ4,PMC7332374_NIHMS1576105_idPAD,blinded_study,image194.jpeg,storage/processed_images/idpad/image194.jpeg,d9a1bab6d2b673bfe5b12ba895115c15d5d2b1b3ddf05e495d52968e2919cc9d,301,169,3,2735.42,199.21,56.8,199.01,199.74,196.94,58.07,56.51,56.98,34.0,12.59,202.25,203.58,127.41,129.35,Cocaine HCl,COCAINE_SERIES,25%,Lactose (75%),PRESUMPTIVE_POSITIVE,idPAD_12Lane_Paper_Device,LED_Lightbox_Standard,FTIR_and_GCMS_Berrien_County_Crime_Lab,False,train
BLINDED_MTJ,PMC7332374_NIHMS1576105_idPAD,blinded_study,image195.jpeg,storage/processed_images/idpad/image195.jpeg,d9d2651b240414e80ba8b7062bcfd30d44d7a2ca2a62cd416e7d332796154d13,302,170,3,2767.23,199.53,58.71,199.01,199.67,200.18,59.22,58.64,59.29,57.38,11.4,203.39,203.56,127.97,127.7,Heroin,HEROIN_OPIOID,25%,Lactose (75%),PRESUMPTIVE_POSITIVE,idPAD_12Lane_Paper_Device,LED_Lightbox_Standard,FTIR_and_GCMS_Berrien_County_Crime_Lab,False,train
BLINDED_N2D,PMC7332374_NIHMS1576105_idPAD,blinded_study,image197.jpeg,storage/processed_images/idpad/image197.jpeg,3d18e4038f4c1a6f708fd9b49c008722bf691502d6880b498e92bda0f05d805b,313,176,3,2466.77,193.03,59.0,189.81,193.98,196.34,60.3,58.57,59.7,68.05,16.03,198.78,197.73,127.1,126.34,Heroin,HEROIN_OPIOID,100%,None,PRESUMPTIVE_POSITIVE,idPAD_12Lane_Paper_Device,LED_Lightbox_Standard,FTIR_and_GCMS_Berrien_County_Crime_Lab,False,train
BLINDED_NA4,PMC7332374_NIHMS1576105_idPAD,blinded_study,image198.jpeg,storage/processed_images/idpad/image198.jpeg,033c85e52d0744974d85948f69ba37d74bd743ee1288237834d8e64396d3f9d4,295,166,3,2504.88,208.2,54.05,210.02,208.15,203.59,53.63,54.14,56.24,26.55,13.09,211.39,211.85,127.95,130.58,None,NEGATIVE_CUTTING_AGENT,0%,Lactose (100%),PRESUMPTIVE_NEGATIVE,idPAD_12Lane_Paper_Device,LED_Lightbox_Standard,FTIR_and_GCMS_Berrien_County_Crime_Lab,False,train
BLINDED_NBR,PMC7332374_NIHMS1576105_idPAD,blinded_study,image199.jpeg,storage/processed_images/idpad/image199.jpeg,781999423ab8ceeb5e9a7c41de7271aba2e025c68be3ed014405c981a458e98b,284,160,3,2472.01,195.07,59.91,191.91,196.01,198.45,60.87,59.59,60.65,65.18,14.71,200.47,199.57,127.1,126.3,None,NEGATIVE_CUTTING_AGENT,0%,Dimethyl Sulfone (100%),PRESUMPTIVE_NEGATIVE,idPAD_12Lane_Paper_Device,LED_Lightbox_Standard,FTIR_and_GCMS_Berrien_County_Crime_Lab,False,train
BLINDED_NV3,PMC7332374_NIHMS1576105_idPAD,blinded_study,image200.jpeg,storage/processed_images/idpad/image200.jpeg,5c8d06a0c110ddbbf56a34ba30aac43579b58caebe91c9d440704c2e291caf41,298,168,3,2969.09,203.32,57.15,201.04,203.98,205.84,58.1,56.94,57.24,60.86,11.76,207.66,207.3,127.42,126.72,Heroin,HEROIN_OPIOID,25%,Lactose (75%),PRESUMPTIVE_POSITIVE,idPAD_12Lane_Paper_Device,LED_Lightbox_Standard,FTIR_and_GCMS_Berrien_County_Crime_Lab,False,train
BLINDED_NVV,PMC7332374_NIHMS1576105_idPAD,blinded_study,image201.jpeg,storage/processed_images/idpad/image201.jpeg,a2de91aa5deb93dbf00dad8a857111dec4e8e60365942091dc70222fc3186bbe,316,177,3,2127.79,187.81,63.79,185.04,188.6,190.9,65.21,63.24,64.76,65.18,16.49,193.41,192.48,127.31,126.46,Cocaine HCl,COCAINE_SERIES,100%,None,PRESUMPTIVE_POSITIVE,idPAD_12Lane_Paper_Device,LED_Lightbox_Standard,FTIR_and_GCMS_Berrien_County_Crime_Lab,False,train
BLINDED_OOO,PMC7332374_NIHMS1576105_idPAD,blinded_study,image202.jpeg,storage/processed_images/idpad/image202.jpeg,5ce29e3f69329f2b55b9ba1c53166881e2da2dab6183674a4dd9b13c59c66db0,296,167,3,2628.89,203.51,53.7,201.22,204.01,206.81,55.44,53.27,53.74,75.95,13.62,208.87,207.7,127.63,126.28,Cocaine HCl,COCAINE_SERIES,25%,Lactose (75%),PRESUMPTIVE_POSITIVE,idPAD_12Lane_Paper_Device,LED_Lightbox_Standard,FTIR_and_GCMS_Berrien_County_Crime_Lab,False,train
BLINDED_P3H,PMC7332374_NIHMS1576105_idPAD,blinded_study,image203.jpeg,storage/processed_images/idpad/image203.jpeg,729cd4d7e340e9767a0d52e0ef18cb370cdffdf37752eeb85db28cb205d49add,299,168,3,2594.54,189.49,63.92,187.17,190.18,191.93,65.2,63.4,65.02,63.2,14.73,194.55,193.99,127.38,126.8,Cocaine HCl,COCAINE_SERIES,100%,None,PRESUMPTIVE_POSITIVE,idPAD_12Lane_Paper_Device,LED_Lightbox_Standard,FTIR_and_GCMS_Berrien_County_Crime_Lab,False,train
BLINDED_P5D,PMC7332374_NIHMS1576105_idPAD,blinded_study,image204.jpeg,storage/processed_images/idpad/image204.jpeg,7451143e83125adaa71e2a3733601f0c2caae4d108e68115c190df8efd97f087,297,167,3,2650.97,199.25,57.44,200.71,199.38,194.65,57.5,57.35,59.24,28.16,14.08,202.39,203.43,127.71,130.62,Methamphetamine,METHAMPHETAMINE,50%,Dimethyl Sulfone (50%),PRESUMPTIVE_POSITIVE,idPAD_12Lane_Paper_Device,LED_Lightbox_Standard,FTIR_and_GCMS_Berrien_County_Crime_Lab,False,train
BLINDED_P5R,PMC7332374_NIHMS1576105_idPAD,blinded_study,image205.jpeg,storage/processed_images/idpad/image205.jpeg,d98abf2136bb903bf1904a431977f64164940ee84b7d1129e117c5310fa65dcc,310,174,3,2279.22,198.54,57.72,195.89,199.37,201.26,58.5,57.48,59.16,57.73,17.31,204.72,202.93,127.28,126.71,Heroin,HEROIN_OPIOID,50%,Lactose (50%),PRESUMPTIVE_POSITIVE,idPAD_12Lane_Paper_Device,LED_Lightbox_Standard,FTIR_and_GCMS_Berrien_County_Crime_Lab,False,train
BLINDED_P6V,PMC7332374_NIHMS1576105_idPAD,blinded_study,image206.jpeg,storage/processed_images/idpad/image206.jpeg,629d1299375bdab43ae51a00e9325462e0a362aa9e918e5e18116223d76d4516,290,163,3,3345.23,205.23,56.08,203.91,205.72,206.17,56.76,55.91,56.58,58.89,10.3,208.78,209.05,127.52,127.54,None,NEGATIVE_CUTTING_AGENT,0%,Dimethyl Sulfone (100%),PRESUMPTIVE_NEGATIVE,idPAD_12Lane_Paper_Device,LED_Lightbox_Standard,FTIR_and_GCMS_Berrien_County_Crime_Lab,False,train
BLINDED_P8S,PMC7332374_NIHMS1576105_idPAD,blinded_study,image207.jpeg,storage/processed_images/idpad/image207.jpeg,559a7f5cbef277b22cdf53a65d5e5d7a2698b7f5ab5a40a8fb2e497df6b7d1ea,287,161,3,2960.26,199.97,57.11,198.19,200.73,200.58,58.47,56.74,57.38,54.93,11.14,203.23,204.28,127.19,127.79,Cocaine HCl,COCAINE_SERIES,25%,Lactose (75%),PRESUMPTIVE_POSITIVE,idPAD_12Lane_Paper_Device,LED_Lightbox_Standard,FTIR_and_GCMS_Berrien_County_Crime_Lab,False,train
BLINDED_PE6,PMC7332374_NIHMS1576105_idPAD,blinded_study,image208.jpeg,storage/processed_images/idpad/image208.jpeg,027e99b3654e28405a991cd1e16e5faecac8d74e1a9d5f8e6484d7c86bee9b82,290,163,3,2560.37,196.19,60.63,197.1,196.67,191.22,60.07,60.64,64.51,40.04,20.59,200.61,200.53,127.35,130.97,Heroin,HEROIN_OPIOID,100%,None,PRESUMPTIVE_POSITIVE,idPAD_12Lane_Paper_Device,LED_Lightbox_Standard,FTIR_and_GCMS_Berrien_County_Crime_Lab,False,train
BLINDED_Q69,PMC7332374_NIHMS1576105_idPAD,blinded_study,image214.jpeg,storage/processed_images/idpad/image214.jpeg,0953923151de3b250cde1414c49d63ec7cab33f1435b54be67245c029d3f224f,299,168,3,2432.46,187.4,64.51,184.99,187.91,191.03,65.11,64.23,65.89,70.06,15.15,193.13,191.9,127.65,126.12,Crack Cocaine 2,COCAINE_SERIES,100%,None,PRESUMPTIVE_POSITIVE,idPAD_12Lane_Paper_Device,LED_Lightbox_Standard,FTIR_and_GCMS_Berrien_County_Crime_Lab,False,train
BLINDED_Q6B,PMC7332374_NIHMS1576105_idPAD,blinded_study,image215.jpeg,storage/processed_images/idpad/image215.jpeg,03f81a8269b187da706294f02df66b0594bf611a033cd1d2971871d5656cb8c0,306,172,3,3014.43,197.39,59.22,195.78,198.67,194.85,60.29,58.47,62.64,52.18,19.3,201.91,201.95,126.35,129.72,Crack Cocaine 1,COCAINE_SERIES,100%,Cut with Nicotinamide,PRESUMPTIVE_POSITIVE,idPAD_12Lane_Paper_Device,LED_Lightbox_Standard,FTIR_and_GCMS_Berrien_County_Crime_Lab,False,train
BLINDED_QAE,PMC7332374_NIHMS1576105_idPAD,blinded_study,image216.jpeg,storage/processed_images/idpad/image216.jpeg,263009eb21bb5f1be6ec374fa03330ccf9e778d5751fa7ea9a0769a3b88782e0,300,169,3,2780.5,202.75,54.01,201.38,203.53,202.27,55.32,53.65,54.59,51.11,10.82,205.81,207.08,127.13,128.41,Cocaine HCl,COCAINE_SERIES,100%,None,PRESUMPTIVE_POSITIVE,idPAD_12Lane_Paper_Device,LED_Lightbox_Standard,FTIR_and_GCMS_Berrien_County_Crime_Lab,False,train
BLINDED_QFH,PMC7332374_NIHMS1576105_idPAD,blinded_study,image217.jpeg,storage/processed_images/idpad/image217.jpeg,457144d2ec35731860b61629f2310868f71f12545e8a3e74ccf571e8c2d86eea,298,168,3,2555.99,195.63,58.23,196.34,196.16,190.89,58.22,58.22,59.84,32.11,13.81,198.48,200.13,127.19,130.76,Heroin,HEROIN_OPIOID,25%,Lactose (75%),PRESUMPTIVE_POSITIVE,idPAD_12Lane_Paper_Device,LED_Lightbox_Standard,FTIR_and_GCMS_Berrien_County_Crime_Lab,False,train
BLINDED_QMR,PMC7332374_NIHMS1576105_idPAD,blinded_study,image218.jpeg,storage/processed_images/idpad/image218.jpeg,1860a637c5b77beeadc76b49e66d1d417cacda586f1111763a66df81cc39cbc2,299,168,3,2459.28,199.14,57.55,197.17,199.62,201.67,58.34,57.47,57.76,63.07,13.9,204.19,203.38,127.64,126.69,Crack Cocaine 2,COCAINE_SERIES,100%,None,PRESUMPTIVE_POSITIVE,idPAD_12Lane_Paper_Device,LED_Lightbox_Standard,FTIR_and_GCMS_Berrien_County_Crime_Lab,False,train
BLINDED_QPZ,PMC7332374_NIHMS1576105_idPAD,blinded_study,image219.jpeg,storage/processed_images/idpad/image219.jpeg,525a419d2466378d3ea313db8e36340cefbb4f39a36fecc1d56a92d75a773b58,306,172,3,2065.18,189.03,64.23,188.85,189.57,186.73,64.26,63.9,67.53,48.9,16.72,192.81,193.53,127.29,129.5,Heroin,HEROIN_OPIOID,50%,Lactose (50%),PRESUMPTIVE_POSITIVE,idPAD_12Lane_Paper_Device,LED_Lightbox_Standard,FTIR_and_GCMS_Berrien_County_Crime_Lab,False,train
BLINDED_QTE,PMC7332374_NIHMS1576105_idPAD,blinded_study,image220.jpeg,storage/processed_images/idpad/image220.jpeg,960cf2f4e37acd94553648789996b648b57efb1050472201e6f59e62055d4efd,299,168,3,2938.23,204.7,54.38,203.9,204.89,205.9,54.94,54.31,54.68,67.26,9.73,208.28,208.63,127.89,127.39,Methamphetamine,METHAMPHETAMINE,25%,Dimethyl Sulfone (75%),PRESUMPTIVE_POSITIVE,idPAD_12Lane_Paper_Device,LED_Lightbox_Standard,FTIR_and_GCMS_Berrien_County_Crime_Lab,False,train
BLINDED_QUC,PMC7332374_NIHMS1576105_idPAD,blinded_study,image221.jpeg,storage/processed_images/idpad/image221.jpeg,1ce3fbb74d14a8adeaeaa31a37d8046690ce8d27b87be655a1eb4afc81de0028,307,173,3,2399.1,195.99,59.66,195.03,196.53,195.71,60.23,59.35,61.56,55.26,12.93,199.69,200.35,127.38,128.3,Crack Cocaine 2,COCAINE_SERIES,100%,None,PRESUMPTIVE_POSITIVE,idPAD_12Lane_Paper_Device,LED_Lightbox_Standard,FTIR_and_GCMS_Berrien_County_Crime_Lab,False,train
BLINDED_RKD,PMC7332374_NIHMS1576105_idPAD,blinded_study,image224.jpeg,storage/processed_images/idpad/image224.jpeg,4c0a0e0dfff864a19c718fced6e22874a6da2014a7ab58dd2e104d39783d7d52,291,164,3,2323.94,199.39,59.98,198.76,199.63,199.7,60.03,59.82,62.42,50.57,15.31,204.18,203.4,127.79,127.96,Methamphetamine,METHAMPHETAMINE,25%,Dimethyl Sulfone (75%),PRESUMPTIVE_POSITIVE,idPAD_12Lane_Paper_Device,LED_Lightbox_Standard,FTIR_and_GCMS_Berrien_County_Crime_Lab,False,train
BLINDED_RNR,PMC7332374_NIHMS1576105_idPAD,blinded_study,image225.jpeg,storage/processed_images/idpad/image225.jpeg,a0c30b3020c0edc1870d8f988dd988af0b3812204761c07dad67b60e0f72031e,297,167,3,3138.44,201.32,57.45,199.58,201.88,202.96,58.34,57.12,58.34,62.11,12.1,205.55,205.4,127.46,127.2,None,NEGATIVE_CUTTING_AGENT,0%,Lactose (100%),PRESUMPTIVE_NEGATIVE,idPAD_12Lane_Paper_Device,LED_Lightbox_Standard,FTIR_and_GCMS_Berrien_County_Crime_Lab,False,train
BLINDED_RPX,PMC7332374_NIHMS1576105_idPAD,blinded_study,image226.jpeg,storage/processed_images/idpad/image226.jpeg,833241a0cbf9e9eb8c055a4ca81e403faf8b12a80138d75f745fd99960ec8dc6,295,166,3,2872.3,205.08,54.05,202.41,205.99,207.37,55.32,53.69,54.46,57.74,13.6,209.96,209.22,127.11,126.91,Heroin,HEROIN_OPIOID,25%,Lactose (75%),PRESUMPTIVE_POSITIVE,idPAD_12Lane_Paper_Device,LED_Lightbox_Standard,FTIR_and_GCMS_Berrien_County_Crime_Lab,False,train
BLINDED_S6H,PMC7332374_NIHMS1576105_idPAD,blinded_study,image228.jpeg,storage/processed_images/idpad/image228.jpeg,e5dcafbfd16da0cc83b9f4c8c7a9acd747103e09739a7bdf2a595c73dd79980d,296,166,3,2886.21,201.12,57.11,200.09,201.53,201.6,58.25,56.81,57.4,53.83,10.81,204.52,205.22,127.58,127.82,Methamphetamine,METHAMPHETAMINE,100%,None,PRESUMPTIVE_POSITIVE,idPAD_12Lane_Paper_Device,LED_Lightbox_Standard,FTIR_and_GCMS_Berrien_County_Crime_Lab,False,train
BLINDED_SFR,PMC7332374_NIHMS1576105_idPAD,blinded_study,image230.jpeg,storage/processed_images/idpad/image230.jpeg,94f0639e69b2df3739160dc97345d26527a1247afa1588a437f1d2766cf0575a,295,166,3,3021.46,203.07,55.17,198.93,204.54,206.33,58.71,54.27,54.18,64.87,15.63,208.19,207.55,126.6,126.45,Cocaine HCl,COCAINE_SERIES,100%,None,PRESUMPTIVE_POSITIVE,idPAD_12Lane_Paper_Device,LED_Lightbox_Standard,FTIR_and_GCMS_Berrien_County_Crime_Lab,False,train
BLINDED_SRG,PMC7332374_NIHMS1576105_idPAD,blinded_study,image231.jpeg,storage/processed_images/idpad/image231.jpeg,9eae76d844e1841fd25d38e64bae3f47de4b9e82b70d357f7d1c3a55e13909ed,307,173,3,2482.49,198.16,58.3,198.78,198.45,194.99,60.09,57.93,58.22,28.14,16.0,202.14,202.48,127.72,129.83,Cocaine HCl,COCAINE_SERIES,50%,Lactose (50%),PRESUMPTIVE_POSITIVE,idPAD_12Lane_Paper_Device,LED_Lightbox_Standard,FTIR_and_GCMS_Berrien_County_Crime_Lab,False,train
BLINDED_SSB,PMC7332374_NIHMS1576105_idPAD,blinded_study,image232.jpeg,storage/processed_images/idpad/image232.jpeg,2e86c621b0d524c9b1bcc1c3dbc824b0508a2375fbfab2d70385835a2fbf3ce2,296,166,3,2921.42,195.6,60.54,193.75,196.35,196.43,61.55,60.02,62.62,53.73,17.64,201.02,199.95,127.2,127.76,Crack Cocaine 1,COCAINE_SERIES,100%,Cut with Nicotinamide,PRESUMPTIVE_POSITIVE,idPAD_12Lane_Paper_Device,LED_Lightbox_Standard,FTIR_and_GCMS_Berrien_County_Crime_Lab,False,train
BLINDED_SWR,PMC7332374_NIHMS1576105_idPAD,blinded_study,image233.jpeg,storage/processed_images/idpad/image233.jpeg,5631b77302d4852e3c3b9c00ca30db8dc7794342a21befe1c3ee2d4952ad09df,309,174,3,2772.67,199.95,56.77,197.97,200.81,200.64,58.51,56.17,57.09,60.3,10.8,203.15,204.32,127.04,127.77,Cocaine HCl,COCAINE_SERIES,25%,Lactose (75%),PRESUMPTIVE_POSITIVE,idPAD_12Lane_Paper_Device,LED_Lightbox_Standard,FTIR_and_GCMS_Berrien_County_Crime_Lab,False,train
BLINDED_UFL,PMC7332374_NIHMS1576105_idPAD,blinded_study,image240.jpeg,storage/processed_images/idpad/image240.jpeg,1e37aa5befa1a4278309e19c1881ace69dbb2386eb5190ba738936a3c6287ce7,306,172,3,2293.9,195.04,60.82,192.52,195.85,197.36,61.28,60.52,63.08,60.74,15.96,200.55,199.44,127.22,126.94,Heroin,HEROIN_OPIOID,100%,None,PRESUMPTIVE_POSITIVE,idPAD_12Lane_Paper_Device,LED_Lightbox_Standard,FTIR_and_GCMS_Berrien_County_Crime_Lab,False,train
BLINDED_UJ5,PMC7332374_NIHMS1576105_idPAD,blinded_study,image241.jpeg,storage/processed_images/idpad/image241.jpeg,b88bcd49faa0eb85100bb63228ba145f1f8c1e28f90e5497aac31f9f1c0e325f,306,172,3,2392.75,194.06,60.95,192.7,194.54,194.98,61.1,60.76,63.28,56.45,15.81,199.3,198.41,127.54,127.64,None,NEGATIVE_CUTTING_AGENT,0%,Lactose (100%),PRESUMPTIVE_NEGATIVE,idPAD_12Lane_Paper_Device,LED_Lightbox_Standard,FTIR_and_GCMS_Berrien_County_Crime_Lab,False,train
BLINDED_UJG,PMC7332374_NIHMS1576105_idPAD,blinded_study,image242.jpeg,storage/processed_images/idpad/image242.jpeg,869db6a530311000503d0d553f088d40753f43f8b2b4d93a4c5fe5890b5e9c57,308,173,3,2272.19,193.99,59.68,194.16,194.12,192.79,59.33,59.7,62.94,46.87,15.2,198.38,198.39,127.94,128.71,Heroin,HEROIN_OPIOID,100%,None,PRESUMPTIVE_POSITIVE,idPAD_12Lane_Paper_Device,LED_Lightbox_Standard,FTIR_and_GCMS_Berrien_County_Crime_Lab,False,train
BLINDED_ULN,PMC7332374_NIHMS1576105_idPAD,blinded_study,image243.jpeg,storage/processed_images/idpad/image243.jpeg,3dc54c35dbc329225cab0276a231a61fd4f61334c2c8d47baf858e68369b7ed4,313,176,3,2100.0,196.71,60.49,194.74,197.22,199.14,61.39,60.14,61.72,58.36,14.11,201.86,200.94,127.59,126.79,Methamphetamine,METHAMPHETAMINE,100%,None,PRESUMPTIVE_POSITIVE,idPAD_12Lane_Paper_Device,LED_Lightbox_Standard,FTIR_and_GCMS_Berrien_County_Crime_Lab,False,train
BLINDED_UM8,PMC7332374_NIHMS1576105_idPAD,blinded_study,image244.jpeg,storage/processed_images/idpad/image244.jpeg,e8f6c784f3034e0f1bd11c19e3a49a996ac831cecda3d571a384c06c4d2abcc4,297,167,3,2286.49,191.17,61.72,190.99,191.4,190.43,61.43,61.55,65.12,50.71,17.68,196.24,195.65,127.79,128.58,Crack Cocaine 2,COCAINE_SERIES,100%,None,PRESUMPTIVE_POSITIVE,idPAD_12Lane_Paper_Device,LED_Lightbox_Standard,FTIR_and_GCMS_Berrien_County_Crime_Lab,False,train
BLINDED_UNE,PMC7332374_NIHMS1576105_idPAD,blinded_study,image245.jpeg,storage/processed_images/idpad/image245.jpeg,8e553a16026148a45fcd357131798018952449e2d66e6902e5f6dff47382445c,299,168,3,2511.06,199.44,57.1,198.66,199.65,200.38,57.56,57.02,58.04,58.44,11.95,203.45,203.62,127.88,127.55,Crack Cocaine 2,COCAINE_SERIES,100%,None,PRESUMPTIVE_POSITIVE,idPAD_12Lane_Paper_Device,LED_Lightbox_Standard,FTIR_and_GCMS_Berrien_County_Crime_Lab,False,train
BLINDED_UR9,PMC7332374_NIHMS1576105_idPAD,blinded_study,image246.jpeg,storage/processed_images/idpad/image246.jpeg,5a272b31692939bbbf528d0a2c67909c7d58576fd57b6d02a2a58cd7d3cfd195,303,171,3,2595.44,198.72,57.71,196.07,199.29,202.65,58.9,57.53,56.88,70.46,14.16,204.18,202.99,127.61,125.89,Methamphetamine,METHAMPHETAMINE,50%,Dimethyl Sulfone (50%),PRESUMPTIVE_POSITIVE,idPAD_12Lane_Paper_Device,LED_Lightbox_Standard,FTIR_and_GCMS_Berrien_County_Crime_Lab,False,train
BLINDED_URU,PMC7332374_NIHMS1576105_idPAD,blinded_study,image247.jpeg,storage/processed_images/idpad/image247.jpeg,65df51b1f0c2c38db10234b9ee19cdcabac33809b6c6acc3e8bd4c7de927390f,307,173,3,2475.72,195.5,59.68,195.49,195.94,193.22,61.39,59.31,59.58,33.11,14.61,199.04,199.96,127.58,129.36,Heroin,HEROIN_OPIOID,25%,Lactose (75%),PRESUMPTIVE_POSITIVE,idPAD_12Lane_Paper_Device,LED_Lightbox_Standard,FTIR_and_GCMS_Berrien_County_Crime_Lab,False,train
BLINDED_V25,PMC7332374_NIHMS1576105_idPAD,blinded_study,image249.jpeg,storage/processed_images/idpad/image249.jpeg,c4adaf7479195a3675924a488721f14fb406fabe1e22fbbfeb2e73bd8f4f266a,315,177,3,2359.24,198.03,59.34,200.5,198.14,190.97,59.33,59.19,62.07,22.8,19.35,202.07,202.24,127.66,132.05,Cocaine HCl,COCAINE_SERIES,100%,None,PRESUMPTIVE_POSITIVE,idPAD_12Lane_Paper_Device,LED_Lightbox_Standard,FTIR_and_GCMS_Berrien_County_Crime_Lab,False,train
BLINDED_V9G,PMC7332374_NIHMS1576105_idPAD,blinded_study,image250.jpeg,storage/processed_images/idpad/image250.jpeg,9cf7c37b9a035359b571b21cbfb2c6b94ed5ee80348e119b032df14343aa9f4f,289,162,3,2774.26,208.24,52.4,208.32,208.36,207.51,53.12,52.2,53.12,54.42,9.39,211.25,212.02,127.88,128.49,None,NEGATIVE_CUTTING_AGENT,0%,Dimethyl Sulfone (100%),PRESUMPTIVE_NEGATIVE,idPAD_12Lane_Paper_Device,LED_Lightbox_Standard,FTIR_and_GCMS_Berrien_County_Crime_Lab,False,train
BLINDED_VC3,PMC7332374_NIHMS1576105_idPAD,blinded_study,image251.jpeg,storage/processed_images/idpad/image251.jpeg,8276c57824a80a4e61f476a35db5035861c58c2ee654f78bac9ad5575179218f,309,174,3,2669.68,205.83,54.96,206.9,205.97,202.28,55.37,54.96,55.6,27.39,11.44,208.69,209.67,127.77,130.01,None,NEGATIVE_CUTTING_AGENT,0%,Lactose (100%),PRESUMPTIVE_NEGATIVE,idPAD_12Lane_Paper_Device,LED_Lightbox_Standard,FTIR_and_GCMS_Berrien_County_Crime_Lab,False,train
BLINDED_VKM,PMC7332374_NIHMS1576105_idPAD,blinded_study,image253.jpeg,storage/processed_images/idpad/image253.jpeg,120a3240a7596aed46f0b299926a08cb34fc89abc7c1bbc9feeef6c26fb6b456,283,159,3,3372.7,199.26,58.38,199.42,199.7,196.47,59.87,58.06,58.27,32.39,13.82,202.54,203.5,127.5,129.63,Methamphetamine,METHAMPHETAMINE,50%,Dimethyl Sulfone (50%),PRESUMPTIVE_POSITIVE,idPAD_12Lane_Paper_Device,LED_Lightbox_Standard,FTIR_and_GCMS_Berrien_County_Crime_Lab,False,train
BLINDED_VKR,PMC7332374_NIHMS1576105_idPAD,blinded_study,image254.jpeg,storage/processed_images/idpad/image254.jpeg,4593999452347fd23abd551892f55aa66dc1b26d7462c5b6937170b518f8cbc1,292,164,3,2538.07,190.03,63.88,188.35,190.44,192.18,63.91,63.78,65.83,60.58,15.11,195.1,194.38,127.69,126.95,Heroin,HEROIN_OPIOID,50%,Lactose (50%),PRESUMPTIVE_POSITIVE,idPAD_12Lane_Paper_Device,LED_Lightbox_Standard,FTIR_and_GCMS_Berrien_County_Crime_Lab,False,train
BLINDED_VQS,PMC7332374_NIHMS1576105_idPAD,blinded_study,image255.jpeg,storage/processed_images/idpad/image255.jpeg,5f261d127b91d6cd496f3b7058b8a96272759f95f800be1bb9293e7d9b88dad2,304,171,3,2592.97,201.12,58.23,203.79,201.21,193.59,58.0,58.05,62.06,25.18,20.31,205.47,205.19,127.69,132.31,Crack Cocaine 1,COCAINE_SERIES,100%,Cut with Nicotinamide,PRESUMPTIVE_POSITIVE,idPAD_12Lane_Paper_Device,LED_Lightbox_Standard,FTIR_and_GCMS_Berrien_County_Crime_Lab,False,train
BLINDED_VU6,PMC7332374_NIHMS1576105_idPAD,blinded_study,image256.jpeg,storage/processed_images/idpad/image256.jpeg,a53ce93da45d60f397f6b0c57117fc8006f147d65c064ef60c42ef6cb5e7ddc5,301,170,3,2957.74,203.99,56.46,202.51,204.38,205.72,57.53,56.32,56.75,51.79,15.06,209.4,207.93,127.74,127.15,Methamphetamine,METHAMPHETAMINE,50%,Dimethyl Sulfone (50%),PRESUMPTIVE_POSITIVE,idPAD_12Lane_Paper_Device,LED_Lightbox_Standard,FTIR_and_GCMS_Berrien_County_Crime_Lab,False,train
BLINDED_W48,PMC7332374_NIHMS1576105_idPAD,blinded_study,image259.jpeg,storage/processed_images/idpad/image259.jpeg,0e291efb04fc15bb821600c13ad5c47ee77ca27b4a13919958a28dfdf6fa08b1,299,168,3,3014.27,195.46,62.23,195.76,195.81,192.77,62.54,62.09,63.71,35.43,13.07,198.31,199.6,127.54,129.61,Cocaine HCl,COCAINE_SERIES,50%,Lactose (50%),PRESUMPTIVE_POSITIVE,idPAD_12Lane_Paper_Device,LED_Lightbox_Standard,FTIR_and_GCMS_Berrien_County_Crime_Lab,False,train
BLINDED_W9F,PMC7332374_NIHMS1576105_idPAD,blinded_study,image260.jpeg,storage/processed_images/idpad/image260.jpeg,7ad13078db827c82c4842e9e616c7577055a04e26a0899f537ff3c7e538df748,291,164,3,2817.33,195.03,61.12,196.85,195.27,189.04,61.15,60.96,63.99,30.69,19.31,198.97,199.34,127.57,131.5,Cocaine HCl,COCAINE_SERIES,50%,Lactose (50%),PRESUMPTIVE_POSITIVE,idPAD_12Lane_Paper_Device,LED_Lightbox_Standard,FTIR_and_GCMS_Berrien_County_Crime_Lab,False,train
BLINDED_WA9,PMC7332374_NIHMS1576105_idPAD,blinded_study,image261.jpeg,storage/processed_images/idpad/image261.jpeg,7c934f1e644efc3d3010648d8348f590facba57491f676c3ba78021425c87df1,317,178,3,2342.43,196.8,59.81,196.16,197.16,196.47,59.57,59.84,62.59,49.59,17.68,201.98,201.05,127.67,128.35,Crack Cocaine 1,COCAINE_SERIES,100%,Cut with Nicotinamide,PRESUMPTIVE_POSITIVE,idPAD_12Lane_Paper_Device,LED_Lightbox_Standard,FTIR_and_GCMS_Berrien_County_Crime_Lab,False,train
BLINDED_WAN,PMC7332374_NIHMS1576105_idPAD,blinded_study,image262.jpeg,storage/processed_images/idpad/image262.jpeg,1d2007141b37b4c9edd7c654c66a9842a69f2b39861871ce76df69c059f190c1,292,165,3,2685.4,196.07,60.24,199.26,196.09,187.57,58.62,60.35,66.72,32.75,25.77,201.24,200.42,127.83,132.99,Heroin,HEROIN_OPIOID,100%,None,PRESUMPTIVE_POSITIVE,idPAD_12Lane_Paper_Device,LED_Lightbox_Standard,FTIR_and_GCMS_Berrien_County_Crime_Lab,False,train
BLINDED_WL7,PMC7332374_NIHMS1576105_idPAD,blinded_study,image264.jpeg,storage/processed_images/idpad/image264.jpeg,23735c5aa3041c115f70f0cf84864b42769130cf93a76088594093feadd4fda9,295,166,3,2832.72,203.41,55.21,203.05,203.96,201.43,56.61,54.87,55.21,32.75,11.34,206.24,207.55,127.37,129.18,Cocaine HCl,COCAINE_SERIES,25%,Lactose (75%),PRESUMPTIVE_POSITIVE,idPAD_12Lane_Paper_Device,LED_Lightbox_Standard,FTIR_and_GCMS_Berrien_County_Crime_Lab,False,train
BLINDED_WPG,PMC7332374_NIHMS1576105_idPAD,blinded_study,image266.jpeg,storage/processed_images/idpad/image266.jpeg,919a2e73e49d88bac9ae4fe5ddbfac2133cdc86db09d6fb19138bca77a769197,307,173,3,2689.33,201.3,56.17,203.43,201.15,196.29,55.62,56.36,61.27,47.42,27.81,209.15,205.45,128.22,130.89,Methamphetamine,METHAMPHETAMINE,100%,None,PRESUMPTIVE_POSITIVE,idPAD_12Lane_Paper_Device,LED_Lightbox_Standard,FTIR_and_GCMS_Berrien_County_Crime_Lab,False,train
BLINDED_WRB,PMC7332374_NIHMS1576105_idPAD,blinded_study,image267.jpeg,storage/processed_images/idpad/image267.jpeg,dcb3736865c937a856b24b34ef4cab988281455ded2b22dca344039b8e4600fa,303,170,3,2456.03,209.13,52.51,207.73,209.5,210.71,53.79,52.24,52.55,50.51,12.35,213.75,212.86,127.73,127.19,Methamphetamine,METHAMPHETAMINE,100%,None,PRESUMPTIVE_POSITIVE,idPAD_12Lane_Paper_Device,LED_Lightbox_Standard,FTIR_and_GCMS_Berrien_County_Crime_Lab,False,train
BLINDED_WTZ,PMC7332374_NIHMS1576105_idPAD,blinded_study,image268.jpeg,storage/processed_images/idpad/image268.jpeg,b16ae531655a5bcfe34e345eb9aef68f75a35f6bcf01e62dc3ad9cf9cc889c0d,301,169,3,2446.54,195.71,62.42,193.03,196.36,199.22,63.37,62.17,63.12,62.26,15.1,201.28,199.88,127.49,126.2,Cocaine HCl,COCAINE_SERIES,50%,Lactose (50%),PRESUMPTIVE_POSITIVE,idPAD_12Lane_Paper_Device,LED_Lightbox_Standard,FTIR_and_GCMS_Berrien_County_Crime_Lab,False,train
BLINDED_WVF,PMC7332374_NIHMS1576105_idPAD,blinded_study,image269.jpeg,storage/processed_images/idpad/image269.jpeg,cf9ce72482780e7508f0f93632348b8763fa23031f02b36c33ec9c78a9026d90,306,172,3,2316.41,197.95,58.03,195.4,198.55,201.42,59.1,57.63,59.14,66.46,14.73,203.69,202.28,127.55,126.22,Heroin,HEROIN_OPIOID,50%,Lactose (50%),PRESUMPTIVE_POSITIVE,idPAD_12Lane_Paper_Device,LED_Lightbox_Standard,FTIR_and_GCMS_Berrien_County_Crime_Lab,False,train
BLINDED_WWB,PMC7332374_NIHMS1576105_idPAD,blinded_study,image270.jpeg,storage/processed_images/idpad/image270.jpeg,812176702b1d9435ca93599b590db727f06590b731ec6070664969d9894f632c,301,169,3,2645.89,194.13,63.63,196.09,194.37,187.76,63.36,63.46,66.79,23.99,18.69,197.58,198.29,127.52,131.72,Methamphetamine,METHAMPHETAMINE,25%,Dimethyl Sulfone (75%),PRESUMPTIVE_POSITIVE,idPAD_12Lane_Paper_Device,LED_Lightbox_Standard,FTIR_and_GCMS_Berrien_County_Crime_Lab,False,train
BLINDED_X8B,PMC7332374_NIHMS1576105_idPAD,blinded_study,image271.jpeg,storage/processed_images/idpad/image271.jpeg,b0b97f79f4a1d009e00554873395dd69cadc4074159f380f6018611060b50bf8,305,171,3,2744.2,201.36,56.75,200.17,201.8,202.2,57.3,56.57,57.91,59.68,11.19,205.16,205.47,127.58,127.65,None,NEGATIVE_CUTTING_AGENT,0%,Dimethyl Sulfone (100%),PRESUMPTIVE_NEGATIVE,idPAD_12Lane_Paper_Device,LED_Lightbox_Standard,FTIR_and_GCMS_Berrien_County_Crime_Lab,False,train
BLINDED_X93,PMC7332374_NIHMS1576105_idPAD,blinded_study,image272.jpeg,storage/processed_images/idpad/image272.jpeg,6205a953805d3eff9ad4ded11bad04240abdd94f04d5cd3b349bc8772f70fea0,309,174,3,2750.3,204.14,54.59,206.54,204.19,197.75,54.29,54.56,58.64,44.1,21.22,209.29,208.19,127.81,131.63,Heroin,HEROIN_OPIOID,100%,None,PRESUMPTIVE_POSITIVE,idPAD_12Lane_Paper_Device,LED_Lightbox_Standard,FTIR_and_GCMS_Berrien_County_Crime_Lab,False,train
BLINDED_XBZ,PMC7332374_NIHMS1576105_idPAD,blinded_study,image275.jpeg,storage/processed_images/idpad/image275.jpeg,25460cff9509f35be55fb34203fd9556506a13e358a4077065955a434f2e342d,309,174,3,2617.2,203.62,54.76,201.08,204.35,206.33,56.78,54.07,55.35,60.69,15.07,209.33,207.83,127.31,126.67,Methamphetamine,METHAMPHETAMINE,25%,Dimethyl Sulfone (75%),PRESUMPTIVE_POSITIVE,idPAD_12Lane_Paper_Device,LED_Lightbox_Standard,FTIR_and_GCMS_Berrien_County_Crime_Lab,False,train
BLINDED_XDX,PMC7332374_NIHMS1576105_idPAD,blinded_study,image276.jpeg,storage/processed_images/idpad/image276.jpeg,c0787ec98e782e6cb830dbdc7b616ea26f4c56819e83281fca10e54ec56883bd,305,171,3,2867.0,201.27,56.65,199.88,201.66,202.82,57.85,56.39,56.95,58.72,12.03,205.53,205.41,127.69,127.24,Cocaine HCl,COCAINE_SERIES,25%,Lactose (75%),PRESUMPTIVE_POSITIVE,idPAD_12Lane_Paper_Device,LED_Lightbox_Standard,FTIR_and_GCMS_Berrien_County_Crime_Lab,False,train
BLINDED_XET,PMC7332374_NIHMS1576105_idPAD,blinded_study,image277.jpeg,storage/processed_images/idpad/image277.jpeg,eabff1dd6eb5a109c422c168e165b0755bc4d4f31359dd714bab5418f9260ac5,310,175,3,2417.53,210.64,51.0,209.17,210.78,213.81,52.05,50.93,50.48,70.59,10.87,215.39,214.27,128.08,126.3,Cocaine HCl,COCAINE_SERIES,25%,Lactose (75%),PRESUMPTIVE_POSITIVE,idPAD_12Lane_Paper_Device,LED_Lightbox_Standard,FTIR_and_GCMS_Berrien_County_Crime_Lab,False,train
BLINDED_XHM,PMC7332374_NIHMS1576105_idPAD,blinded_study,image278.jpeg,storage/processed_images/idpad/image278.jpeg,54dd9dbca41250d610c4a8eb5b07faafd55484103ed72a0b6cfd2ed234c420a7,309,174,3,2998.62,205.28,56.26,205.0,205.86,202.89,57.45,55.86,57.05,37.57,11.11,207.99,209.2,127.27,129.43,Cocaine HCl,COCAINE_SERIES,50%,Lactose (50%),PRESUMPTIVE_POSITIVE,idPAD_12Lane_Paper_Device,LED_Lightbox_Standard,FTIR_and_GCMS_Berrien_County_Crime_Lab,False,train
BLINDED_XS9,PMC7332374_NIHMS1576105_idPAD,blinded_study,image280.jpeg,storage/processed_images/idpad/image280.jpeg,5279be925c528549bbe410b61a7336a96827164605b1c3f2e4f023c5a6e25eff,310,174,3,2659.9,200.32,56.95,198.76,200.75,202.19,58.98,56.58,56.33,55.63,14.17,205.25,204.59,127.78,127.04,Cocaine HCl,COCAINE_SERIES,50%,Lactose (50%),PRESUMPTIVE_POSITIVE,idPAD_12Lane_Paper_Device,LED_Lightbox_Standard,FTIR_and_GCMS_Berrien_County_Crime_Lab,False,train
BLINDED_XWN,PMC7332374_NIHMS1576105_idPAD,blinded_study,image283.jpeg,storage/processed_images/idpad/image283.jpeg,b68bc4f348c3eec5bce3a3793bcea574b418f2993c688a7ce614eb78e99bcada,310,174,3,2058.24,190.65,60.56,190.54,191.03,188.82,60.24,60.48,64.09,50.46,18.66,195.58,195.27,127.55,129.18,Methamphetamine,METHAMPHETAMINE,25%,Dimethyl Sulfone (75%),PRESUMPTIVE_POSITIVE,idPAD_12Lane_Paper_Device,LED_Lightbox_Standard,FTIR_and_GCMS_Berrien_County_Crime_Lab,False,train
BLINDED_Y6J,PMC7332374_NIHMS1576105_idPAD,blinded_study,image284.jpeg,storage/processed_images/idpad/image284.jpeg,9914f4e5d55189da56aa16f57ca2587d6ea4666035d80f25eca56f86ae248fb2,300,169,3,2457.86,197.46,58.73,197.19,197.91,195.8,59.18,58.58,59.73,42.0,11.04,200.16,201.74,127.45,129.02,None,NEGATIVE_CUTTING_AGENT,0%,Lactose (100%),PRESUMPTIVE_NEGATIVE,idPAD_12Lane_Paper_Device,LED_Lightbox_Standard,FTIR_and_GCMS_Berrien_County_Crime_Lab,False,train
BLINDED_YL7,PMC7332374_NIHMS1576105_idPAD,blinded_study,image287.jpeg,storage/processed_images/idpad/image287.jpeg,4f3be5550e66b5119285c8aa21bbd23a5590ac4d7c5c9dca0f02439338805689,304,171,3,2479.07,201.45,55.02,199.68,201.97,203.48,56.1,54.82,54.92,68.18,10.98,205.4,205.71,127.57,126.96,Cocaine HCl,COCAINE_SERIES,50%,Lactose (50%),PRESUMPTIVE_POSITIVE,idPAD_12Lane_Paper_Device,LED_Lightbox_Standard,FTIR_and_GCMS_Berrien_County_Crime_Lab,False,train
BLINDED_YTB,PMC7332374_NIHMS1576105_idPAD,blinded_study,image288.jpeg,storage/processed_images/idpad/image288.jpeg,6fedfbc89c113e7474b083e81debe1bf4eb37a92bce6fd9a91a93f50d349eab1,296,166,3,2932.0,197.89,59.4,197.35,197.78,199.8,59.97,59.31,60.44,63.68,15.17,203.38,201.91,128.36,126.98,Crack Cocaine 1,COCAINE_SERIES,100%,Cut with Nicotinamide,PRESUMPTIVE_POSITIVE,idPAD_12Lane_Paper_Device,LED_Lightbox_Standard,FTIR_and_GCMS_Berrien_County_Crime_Lab,False,train
BLINDED_Z5B,PMC7332374_NIHMS1576105_idPAD,blinded_study,image290.jpeg,storage/processed_images/idpad/image290.jpeg,33418a6dd0545d9521e1b4381c942b8e574fc1186c109b68953f96f1dc5bfe76,300,169,3,2655.5,204.4,55.87,206.95,204.61,196.63,55.67,55.66,61.3,33.72,23.25,209.77,208.47,127.63,132.47,Heroin,HEROIN_OPIOID,100%,None,PRESUMPTIVE_POSITIVE,idPAD_12Lane_Paper_Device,LED_Lightbox_Standard,FTIR_and_GCMS_Berrien_County_Crime_Lab,False,train
BLINDED_ZJS,PMC7332374_NIHMS1576105_idPAD,blinded_study,image293.jpeg,storage/processed_images/idpad/image293.jpeg,9857a3de09e2f7eb420ea84de36b2b4e1d63268e1d79c691059fc85622ef3fe2,296,167,3,2502.83,190.07,60.8,185.68,191.41,194.63,62.17,60.4,61.63,74.04,18.41,196.9,194.97,126.75,125.73,Cocaine HCl,COCAINE_SERIES,50%,Lactose (50%),PRESUMPTIVE_POSITIVE,idPAD_12Lane_Paper_Device,LED_Lightbox_Standard,FTIR_and_GCMS_Berrien_County_Crime_Lab,False,train
BLINDED_ZKS,PMC7332374_NIHMS1576105_idPAD,blinded_study,image294.jpeg,storage/processed_images/idpad/image294.jpeg,421051f5943bbd46d1f0a6eba928f9074dabe5157c93fa83172753e1a9ec2449,295,166,3,2719.9,200.58,55.66,197.99,201.12,204.51,57.37,55.33,54.99,69.46,13.47,205.94,204.88,127.68,125.92,Cocaine HCl,COCAINE_SERIES,25%,Lactose (75%),PRESUMPTIVE_POSITIVE,idPAD_12Lane_Paper_Device,LED_Lightbox_Standard,FTIR_and_GCMS_Berrien_County_Crime_Lab,False,train
BLINDED_ZR4,PMC7332374_NIHMS1576105_idPAD,blinded_study,image296.jpeg,storage/processed_images/idpad/image296.jpeg,443f12d908401785ca086d45b70210be3a27e884af83cbd48895f6d3c3b4e9c7,319,180,3,2350.15,188.25,63.16,189.17,188.77,183.16,63.87,62.76,65.04,31.28,16.95,191.62,192.9,127.2,131.02,Heroin,HEROIN_OPIOID,100%,None,PRESUMPTIVE_POSITIVE,idPAD_12Lane_Paper_Device,LED_Lightbox_Standard,FTIR_and_GCMS_Berrien_County_Crime_Lab,False,train
BLINDED_ZS2,PMC7332374_NIHMS1576105_idPAD,blinded_study,image297.jpeg,storage/processed_images/idpad/image297.jpeg,7d63b1308ee7b778272aa805c7f0cc5c4f47c38d328325196e082cf7f31c50a6,307,173,3,2598.85,203.79,53.47,202.19,204.15,206.2,54.42,53.28,53.51,69.15,10.46,207.94,207.9,127.76,126.74,None,NEGATIVE_CUTTING_AGENT,0%,Dimethyl Sulfone (100%),PRESUMPTIVE_NEGATIVE,idPAD_12Lane_Paper_Device,LED_Lightbox_Standard,FTIR_and_GCMS_Berrien_County_Crime_Lab,False,train
BLINDED_ZZ4,PMC7332374_NIHMS1576105_idPAD,blinded_study,image299.jpeg,storage/processed_images/idpad/image299.jpeg,db3e11638be70f9f077492150d4dc30608388a4c107d3492452b3117a6ee620e,310,174,3,2191.51,191.91,65.26,192.93,192.41,186.63,64.45,65.16,69.9,37.8,21.62,195.8,196.19,127.29,131.2,Cocaine HCl,COCAINE_SERIES,50%,Lactose (50%),PRESUMPTIVE_POSITIVE,idPAD_12Lane_Paper_Device,LED_Lightbox_Standard,FTIR_and_GCMS_Berrien_County_Crime_Lab,False,train
ADULT_7MB,PMC7332374_NIHMS1576105_idPAD,adulterants_study,image307.jpeg,storage/processed_images/idpad/image307.jpeg,311a002f7d0c0d839fbf9e138dcf70361d7903669048ec98788286dd96a58ad5,291,164,3,598.86,239.29,35.29,241.84,239.04,233.87,32.19,35.71,42.89,9.32,10.85,242.02,240.67,128.14,130.98,"1,2,4,5-benzenetetra",NEGATIVE_ADULTERANT,Pure_or_Matrix,N/A,PRESUMPTIVE_NEGATIVE,idPAD_12Lane_Paper_Device,LED_Lightbox_Standard,Standard_Chemical_Reference,False,train
ADULT_PTW,PMC7332374_NIHMS1576105_idPAD,adulterants_study,image309.jpeg,storage/processed_images/idpad/image309.jpeg,b737a325e14771d6826c346a1b1ebbe30f49f746d30a0e98eeccd094aa5b73a7,298,168,3,580.57,235.91,39.09,238.9,235.52,230.04,35.9,39.83,45.8,9.19,12.34,239.1,237.51,128.31,131.21,4-4-Dipyridil,NEGATIVE_ADULTERANT,Pure_or_Matrix,N/A,PRESUMPTIVE_NEGATIVE,idPAD_12Lane_Paper_Device,LED_Lightbox_Standard,Standard_Chemical_Reference,False,train
ADULT_3UP,PMC7332374_NIHMS1576105_idPAD,adulterants_study,image310.jpeg,storage/processed_images/idpad/image310.jpeg,3ab558823adf0d2d407a3e84c8e2403a5ebaa1652559fe371222b3e05380da79,329,185,3,537.76,234.38,39.96,235.53,234.62,230.11,39.48,39.83,44.2,14.36,9.0,236.36,236.26,127.58,130.4,4-aminobenzonitrile,NEGATIVE_ADULTERANT,Pure_or_Matrix,N/A,PRESUMPTIVE_NEGATIVE,idPAD_12Lane_Paper_Device,LED_Lightbox_Standard,Standard_Chemical_Reference,False,train
ADULT_9ZG,PMC7332374_NIHMS1576105_idPAD,adulterants_study,image311.jpeg,storage/processed_images/idpad/image311.jpeg,e008027f1a17a9e8430c553957b532bbcd1516feca55240b3675459ee45247da,306,172,3,727.94,232.43,42.01,236.2,232.14,224.03,38.9,42.34,50.97,8.98,16.66,236.47,234.36,128.14,132.65,"7,7,8,8-Tetracyanoquinodimethane",NEGATIVE_ADULTERANT,Pure_or_Matrix,N/A,PRESUMPTIVE_NEGATIVE,idPAD_12Lane_Paper_Device,LED_Lightbox_Standard,Standard_Chemical_Reference,False,train
ADULT_2RQ,PMC7332374_NIHMS1576105_idPAD,adulterants_study,image312.jpeg,storage/processed_images/idpad/image312.jpeg,b6257f1c491f2aa3415cd60ca61a8fa34dfc7bba39035d4ba477e0c13fdac3aa,284,160,3,781.07,220.32,58.03,218.93,220.97,220.58,60.74,57.09,57.02,25.71,8.0,222.02,222.8,127.28,127.94,Acetaminophen,NEGATIVE_ADULTERANT,Pure_or_Matrix,N/A,PRESUMPTIVE_NEGATIVE,idPAD_12Lane_Paper_Device,LED_Lightbox_Standard,Standard_Chemical_Reference,False,train
ADULT_NTA,PMC7332374_NIHMS1576105_idPAD,adulterants_study,image313.jpeg,storage/processed_images/idpad/image313.jpeg,841814f5145fc364e89ed61c826eb5b0f802649372ad0f126a077ed6c18308e4,289,163,3,521.24,231.05,42.0,235.03,230.62,222.73,38.46,42.69,50.49,13.26,16.88,235.35,233.12,128.3,132.58,Acetaminophen Hydrocodone,DRUG_DETECTED,Pure_or_Matrix,N/A,PRESUMPTIVE_POSITIVE,idPAD_12Lane_Paper_Device,LED_Lightbox_Standard,Standard_Chemical_Reference,False,train
ADULT_7JW,PMC7332374_NIHMS1576105_idPAD,adulterants_study,image314.jpeg,storage/processed_images/idpad/image314.jpeg,cd39243900808077046709b78524adc9f52e2f5eb254e1f51e1f58c74f70b70d,306,172,3,598.03,232.73,42.41,235.77,232.44,226.32,39.19,42.92,49.95,11.48,13.61,236.03,234.59,128.19,131.56,Alizarian Compuxone,NEGATIVE_ADULTERANT,Pure_or_Matrix,N/A,PRESUMPTIVE_NEGATIVE,idPAD_12Lane_Paper_Device,LED_Lightbox_Standard,Standard_Chemical_Reference,False,train
ADULT_2UW,PMC7332374_NIHMS1576105_idPAD,adulterants_study,image315.jpeg,storage/processed_images/idpad/image315.jpeg,b461af7486ffdfb5e2faf95878875d691974eea578961deea9d40d30c86eb2aa,305,171,3,779.19,220.93,59.63,220.63,221.17,220.41,60.7,59.26,59.62,23.23,7.5,222.54,223.06,127.73,128.32,Azithromycin,NEGATIVE_ADULTERANT,Pure_or_Matrix,N/A,PRESUMPTIVE_NEGATIVE,idPAD_12Lane_Paper_Device,LED_Lightbox_Standard,Standard_Chemical_Reference,False,train
ADULT_N7D,PMC7332374_NIHMS1576105_idPAD,adulterants_study,image316.jpeg,storage/processed_images/idpad/image316.jpeg,9da17545cfb772f1609598b72ef08f9c3266e16888b06facb56bd1ad50aa3a68,291,164,3,520.62,230.05,43.9,233.7,229.67,222.4,40.46,44.47,52.54,13.44,16.37,234.07,232.15,128.28,132.25,Carbonyldimidazole,NEGATIVE_ADULTERANT,Pure_or_Matrix,N/A,PRESUMPTIVE_NEGATIVE,idPAD_12Lane_Paper_Device,LED_Lightbox_Standard,Standard_Chemical_Reference,False,train
ADULT_HJM,PMC7332374_NIHMS1576105_idPAD,adulterants_study,image317.jpeg,storage/processed_images/idpad/image317.jpeg,cec397237122b4c42a46cf163194ffe3ecf4acc55b554af277e84d5ac2fc574e,316,178,3,629.51,219.2,58.16,219.02,219.48,218.21,59.08,57.75,59.09,24.75,8.09,220.94,221.67,127.68,128.62,Carboxybenzaldehyde,NEGATIVE_ADULTERANT,Pure_or_Matrix,N/A,PRESUMPTIVE_NEGATIVE,idPAD_12Lane_Paper_Device,LED_Lightbox_Standard,Standard_Chemical_Reference,False,train
ADULT_UVW,PMC7332374_NIHMS1576105_idPAD,adulterants_study,image319.jpeg,storage/processed_images/idpad/image319.jpeg,07f0bb3bbc0c4802d38d8b8be6e4853c08e974d2279e5945d8775179694658e7,303,170,3,566.66,229.72,44.76,234.65,229.09,219.98,40.0,45.67,56.35,11.06,20.09,234.83,231.84,128.63,133.43,Chloranil,NEGATIVE_ADULTERANT,Pure_or_Matrix,N/A,PRESUMPTIVE_NEGATIVE,idPAD_12Lane_Paper_Device,LED_Lightbox_Standard,Standard_Chemical_Reference,False,train
ADULT_EP6,PMC7332374_NIHMS1576105_idPAD,adulterants_study,image320.jpeg,storage/processed_images/idpad/image320.jpeg,9a8800a9d9c92facf55a94d17730f0ef645b8bd89ad2ba922554091993625942,308,173,3,718.96,219.06,59.12,219.12,219.31,217.63,60.16,58.72,60.29,19.75,8.87,221.0,221.48,127.76,128.88,Chloranilic Acid,NEGATIVE_ADULTERANT,Pure_or_Matrix,N/A,PRESUMPTIVE_NEGATIVE,idPAD_12Lane_Paper_Device,LED_Lightbox_Standard,Standard_Chemical_Reference,False,train
ADULT_YLK,PMC7332374_NIHMS1576105_idPAD,adulterants_study,image321.jpeg,storage/processed_images/idpad/image321.jpeg,0945011b617f9467d25e4f398b873497438415fd26e6b6f7d4f6337efdb26116,310,174,3,589.08,224.62,50.52,229.76,223.68,215.97,45.68,51.82,59.66,13.4,20.32,230.05,226.87,129.06,132.81,Ciprofloxacin,NEGATIVE_ADULTERANT,Pure_or_Matrix,N/A,PRESUMPTIVE_NEGATIVE,idPAD_12Lane_Paper_Device,LED_Lightbox_Standard,Standard_Chemical_Reference,False,train
ADULT_39R,PMC7332374_NIHMS1576105_idPAD,adulterants_study,image323.jpeg,storage/processed_images/idpad/image323.jpeg,cb206ff821577de56524f2a5323556829cf1108e04e38a92efbb06ceb33a34cf,316,178,3,1072.31,177.13,76.82,177.62,177.27,174.99,77.61,76.77,75.78,46.97,9.37,179.12,181.21,127.73,129.25,Cocaine,DRUG_DETECTED,Pure_or_Matrix,N/A,PRESUMPTIVE_POSITIVE,idPAD_12Lane_Paper_Device,LED_Lightbox_Standard,Standard_Chemical_Reference,False,train
ADULT_AWM,PMC7332374_NIHMS1576105_idPAD,adulterants_study,image325.jpeg,storage/processed_images/idpad/image325.jpeg,78e157f9003b01ad35896de858192f80031f38cc08f44cf228688f1ee4ae42b6,304,171,3,531.44,228.47,45.31,232.74,227.99,219.66,41.54,45.92,54.39,11.08,18.55,232.99,230.65,128.36,132.89,Cocaine,DRUG_DETECTED,Pure_or_Matrix,N/A,PRESUMPTIVE_POSITIVE,idPAD_12Lane_Paper_Device,LED_Lightbox_Standard,Standard_Chemical_Reference,False,train
ADULT_DPP,PMC7332374_NIHMS1576105_idPAD,adulterants_study,image326.jpeg,storage/processed_images/idpad/image326.jpeg,8d710d9f83255ce58a29e836d2a4102620d0185e002eb21c2cad9e3fe9d1f599,303,170,3,707.55,214.17,63.7,213.33,214.59,214.2,65.28,63.18,63.17,26.75,8.73,215.96,216.71,127.56,128.03,Cocaine,DRUG_DETECTED,Pure_or_Matrix,N/A,PRESUMPTIVE_POSITIVE,idPAD_12Lane_Paper_Device,LED_Lightbox_Standard,Standard_Chemical_Reference,False,train
ADULT_EWY,PMC7332374_NIHMS1576105_idPAD,adulterants_study,image327.jpeg,storage/processed_images/idpad/image327.jpeg,ee69b9c4da9d07f22a78df85f025be27f424b4c939bdb47cd02c180fb7326c68,297,167,3,590.44,228.35,44.43,232.29,227.82,220.68,40.92,45.16,52.42,11.48,16.8,232.68,230.56,128.45,132.24,Cocaine,DRUG_DETECTED,Pure_or_Matrix,N/A,PRESUMPTIVE_POSITIVE,idPAD_12Lane_Paper_Device,LED_Lightbox_Standard,Standard_Chemical_Reference,False,train
ADULT_NCQ,PMC7332374_NIHMS1576105_idPAD,adulterants_study,image328.jpeg,storage/processed_images/idpad/image328.jpeg,586d2e7587f04fd6dc0c37c14372a8a13c474ee6e7874ed83d0988237fa53f2b,327,184,3,664.79,221.48,55.73,220.63,221.99,221.02,57.49,55.05,55.95,24.18,7.9,223.14,223.93,127.42,128.33,Cocaine,DRUG_DETECTED,Pure_or_Matrix,N/A,PRESUMPTIVE_POSITIVE,idPAD_12Lane_Paper_Device,LED_Lightbox_Standard,Standard_Chemical_Reference,False,train
ADULT_T9H,PMC7332374_NIHMS1576105_idPAD,adulterants_study,image330.jpeg,storage/processed_images/idpad/image330.jpeg,5a7b5e347d101b91e8af8695ee8dc6a3539bf4c8e1901087978e428bbdef6e7e,319,179,3,740.69,226.22,48.7,227.03,226.41,223.11,48.47,48.48,51.25,14.5,7.25,227.64,228.48,127.65,129.76,Cocaine,DRUG_DETECTED,Pure_or_Matrix,N/A,PRESUMPTIVE_POSITIVE,idPAD_12Lane_Paper_Device,LED_Lightbox_Standard,Standard_Chemical_Reference,False,train
ADULT_WAQ,PMC7332374_NIHMS1576105_idPAD,adulterants_study,image331.jpeg,storage/processed_images/idpad/image331.jpeg,bbd5d051e80c9b7e44d1b6115a93d1f1da76d69ea560587bc466db7a0e560ef8,305,171,3,519.59,234.71,38.72,238.53,234.37,226.44,35.08,39.19,48.39,9.75,16.0,238.72,236.52,128.21,132.56,Cocaine,DRUG_DETECTED,Pure_or_Matrix,N/A,PRESUMPTIVE_POSITIVE,idPAD_12Lane_Paper_Device,LED_Lightbox_Standard,Standard_Chemical_Reference,False,train
ADULT_RDG,PMC7332374_NIHMS1576105_idPAD,adulterants_study,image333.jpeg,storage/processed_images/idpad/image333.jpeg,1cff1d3ec21d5fbf36a58e43f33dd4d57f668592430baf423ca6ebb670980cba,313,176,3,473.75,229.94,42.89,234.29,229.68,219.86,38.82,43.25,54.58,13.55,19.97,234.58,232.19,128.11,133.62,D-Amphetamine,NEGATIVE_ADULTERANT,Pure_or_Matrix,N/A,PRESUMPTIVE_NEGATIVE,idPAD_12Lane_Paper_Device,LED_Lightbox_Standard,Standard_Chemical_Reference,False,train
ADULT_QQ8,PMC7332374_NIHMS1576105_idPAD,adulterants_study,image334.jpeg,storage/processed_images/idpad/image334.jpeg,3df52f2165b1bfeb798a6b38e1de979b7186269d8b123bf7ac828803d3fa85b2,298,167,3,692.21,218.02,61.12,217.43,218.35,217.85,62.68,60.57,60.92,24.81,7.9,219.69,220.4,127.63,128.16,Dexamethason,NEGATIVE_ADULTERANT,Pure_or_Matrix,N/A,PRESUMPTIVE_NEGATIVE,idPAD_12Lane_Paper_Device,LED_Lightbox_Standard,Standard_Chemical_Reference,False,train
ADULT_DQH,PMC7332374_NIHMS1576105_idPAD,adulterants_study,image336.jpeg,storage/processed_images/idpad/image336.jpeg,757cbf7c74545730f93bff80b26d89d8d438b52aa81e08b090a6006cf184aba7,316,178,3,678.65,219.67,58.83,219.26,220.1,218.54,60.21,58.22,59.66,18.46,7.44,221.09,222.09,127.48,128.71,diethylphenyl benzamide,NEGATIVE_ADULTERANT,Pure_or_Matrix,N/A,PRESUMPTIVE_NEGATIVE,idPAD_12Lane_Paper_Device,LED_Lightbox_Standard,Standard_Chemical_Reference,False,train
ADULT_LB8,PMC7332374_NIHMS1576105_idPAD,adulterants_study,image339.jpeg,storage/processed_images/idpad/image339.jpeg,3a9ca3294f8a209805ca36d47479770d33640ba7a33b1b8a824de557cbd80680,305,171,3,531.41,234.59,39.85,237.96,234.33,227.05,36.72,40.18,48.57,10.46,14.89,238.2,236.37,128.1,132.17,Epinephrine,NEGATIVE_ADULTERANT,Pure_or_Matrix,N/A,PRESUMPTIVE_NEGATIVE,idPAD_12Lane_Paper_Device,LED_Lightbox_Standard,Standard_Chemical_Reference,False,train
ADULT_7PP,PMC7332374_NIHMS1576105_idPAD,adulterants_study,image340.jpeg,storage/processed_images/idpad/image340.jpeg,ee2ad3b2007c189340d155c9402c860c6a558ad14d0435ab884bcab5639c07ad,299,168,3,856.37,224.02,53.87,223.72,224.39,222.84,54.99,53.36,55.09,21.49,7.55,225.66,226.31,127.59,128.74,Erythromycin,NEGATIVE_ADULTERANT,Pure_or_Matrix,N/A,PRESUMPTIVE_NEGATIVE,idPAD_12Lane_Paper_Device,LED_Lightbox_Standard,Standard_Chemical_Reference,False,train
ADULT_PBQ,PMC7332374_NIHMS1576105_idPAD,adulterants_study,image341.jpeg,storage/processed_images/idpad/image341.jpeg,008b719135de441b4c552b1544c75cfb18d4ba09f77faa6d719e4e609e82e793,313,176,3,545.21,234.24,43.68,237.37,234.0,227.2,40.15,44.04,53.19,9.8,15.02,237.6,235.9,128.15,131.95,Ethambutol,NEGATIVE_ADULTERANT,Pure_or_Matrix,N/A,PRESUMPTIVE_NEGATIVE,idPAD_12Lane_Paper_Device,LED_Lightbox_Standard,Standard_Chemical_Reference,False,train
ADULT_GG7,PMC7332374_NIHMS1576105_idPAD,adulterants_study,image343.jpeg,storage/processed_images/idpad/image343.jpeg,49366b5b59be3de9b564b626f861cf02fccb507675e640112d976f5e3d47a4cd,291,164,3,566.97,231.1,41.55,234.56,230.79,223.57,38.42,42.02,49.46,15.82,15.47,234.92,233.19,128.16,132.16,Gabapentin,NEGATIVE_ADULTERANT,Pure_or_Matrix,N/A,PRESUMPTIVE_NEGATIVE,idPAD_12Lane_Paper_Device,LED_Lightbox_Standard,Standard_Chemical_Reference,False,train
ADULT_4P9,PMC7332374_NIHMS1576105_idPAD,adulterants_study,image346.jpeg,storage/processed_images/idpad/image346.jpeg,4b7aec41f1ec6b1a0f982d352eb5b80e9b3b08dee56d92f36fcdde81cd9c3be6,303,170,3,525.43,229.04,44.42,232.94,228.76,220.23,40.99,44.84,53.63,11.12,18.01,233.26,231.26,128.12,132.9,Heroin,DRUG_DETECTED,Pure_or_Matrix,N/A,PRESUMPTIVE_POSITIVE,idPAD_12Lane_Paper_Device,LED_Lightbox_Standard,Standard_Chemical_Reference,False,train
ADULT_AEM,PMC7332374_NIHMS1576105_idPAD,adulterants_study,image349.jpeg,storage/processed_images/idpad/image349.jpeg,ed3bb2bdc3c8627446b45d13d3af108b8f40156e4f2d2d730bf000f1756f81f0,291,164,3,771.71,223.42,52.87,224.46,223.5,220.24,52.75,52.71,54.97,16.16,8.5,225.3,225.71,127.79,129.79,Heroin,DRUG_DETECTED,Pure_or_Matrix,N/A,PRESUMPTIVE_POSITIVE,idPAD_12Lane_Paper_Device,LED_Lightbox_Standard,Standard_Chemical_Reference,False,train
ADULT_FXN,PMC7332374_NIHMS1576105_idPAD,adulterants_study,image351.jpeg,storage/processed_images/idpad/image351.jpeg,20961b579cee7bce9c9a99db2a6bde0ed5cafe629343378a13e40d5984358988,299,168,3,761.77,219.2,60.7,218.71,219.57,218.48,62.48,60.04,60.7,21.35,8.06,220.83,221.5,127.59,128.48,Heroin,DRUG_DETECTED,Pure_or_Matrix,N/A,PRESUMPTIVE_POSITIVE,idPAD_12Lane_Paper_Device,LED_Lightbox_Standard,Standard_Chemical_Reference,False,train
ADULT_JYX,PMC7332374_NIHMS1576105_idPAD,adulterants_study,image352.jpeg,storage/processed_images/idpad/image352.jpeg,6a64ea0aed5c48f560e33d2c2625d4c05605a2df7061554fda73a55a178a6e7f,305,171,3,692.09,222.4,55.07,221.65,222.84,222.09,56.82,54.43,55.04,23.83,7.46,224.03,224.79,127.51,128.25,Heroin,DRUG_DETECTED,Pure_or_Matrix,N/A,PRESUMPTIVE_POSITIVE,idPAD_12Lane_Paper_Device,LED_Lightbox_Standard,Standard_Chemical_Reference,False,train
ADULT_LFY,PMC7332374_NIHMS1576105_idPAD,adulterants_study,image353.jpeg,storage/processed_images/idpad/image353.jpeg,44fb7585d51221d6353033eba7b3b75032b2136b852d238a32b9cab79c53f6b4,305,171,3,547.2,230.7,43.44,234.08,230.4,223.36,40.16,43.9,51.66,12.4,15.41,234.36,232.75,128.16,132.08,Heroin,DRUG_DETECTED,Pure_or_Matrix,N/A,PRESUMPTIVE_POSITIVE,idPAD_12Lane_Paper_Device,LED_Lightbox_Standard,Standard_Chemical_Reference,False,train
ADULT_PHT,PMC7332374_NIHMS1576105_idPAD,adulterants_study,image354.jpeg,storage/processed_images/idpad/image354.jpeg,adf64445c31a836250c0e4971e56a502d0d7bc35ee61a0e02aac857b8dc6a56b,314,177,3,726.94,218.48,56.66,220.96,218.54,211.78,55.6,56.51,61.64,13.9,14.97,221.37,221.11,127.71,131.79,Heroin,DRUG_DETECTED,Pure_or_Matrix,N/A,PRESUMPTIVE_POSITIVE,idPAD_12Lane_Paper_Device,LED_Lightbox_Standard,Standard_Chemical_Reference,False,train
ADULT_K9X,PMC7332374_NIHMS1576105_idPAD,adulterants_study,image355.jpeg,storage/processed_images/idpad/image355.jpeg,63a77f4da3f3e418f21bf269b8a0da2fb510c132559970e518df949907d4e368,301,170,3,549.33,231.63,41.17,235.38,231.36,223.2,37.69,41.6,50.59,11.25,16.82,235.71,233.71,128.12,132.67,Hydantoin,NEGATIVE_ADULTERANT,Pure_or_Matrix,N/A,PRESUMPTIVE_NEGATIVE,idPAD_12Lane_Paper_Device,LED_Lightbox_Standard,Standard_Chemical_Reference,False,train
ADULT_7WY,PMC7332374_NIHMS1576105_idPAD,adulterants_study,image356.jpeg,storage/processed_images/idpad/image356.jpeg,f18efb8d9dd0feeffb3b30f7de34cc5d971a4df71e8318aa957a6c6ddf336c76,301,169,3,548.53,230.89,42.32,234.35,230.59,223.3,38.82,42.78,51.15,11.42,15.76,234.65,232.97,128.16,132.22,Hydroquinone,NEGATIVE_ADULTERANT,Pure_or_Matrix,N/A,PRESUMPTIVE_NEGATIVE,idPAD_12Lane_Paper_Device,LED_Lightbox_Standard,Standard_Chemical_Reference,False,train
ADULT_6BW,PMC7332374_NIHMS1576105_idPAD,adulterants_study,image358.jpeg,storage/processed_images/idpad/image358.jpeg,4b2050d0c5fa195fbf631a1917753692a2d747c4409dc91eb006b3c9bd478a47,301,169,3,590.79,218.62,58.11,217.82,219.07,218.3,59.89,57.46,58.09,24.75,8.42,220.39,221.21,127.5,128.26,Isatin,NEGATIVE_ADULTERANT,Pure_or_Matrix,N/A,PRESUMPTIVE_NEGATIVE,idPAD_12Lane_Paper_Device,LED_Lightbox_Standard,Standard_Chemical_Reference,False,train
ADULT_84C,PMC7332374_NIHMS1576105_idPAD,adulterants_study,image361.jpeg,storage/processed_images/idpad/image361.jpeg,1cbb985df77a6755e4d3475f0841ce6d0abc7d8cbef8ea47a8d957ad272f52b9,306,172,3,550.51,234.32,39.04,238.03,234.02,226.12,35.58,39.52,48.1,10.48,15.87,238.27,236.17,128.15,132.51,Meth,DRUG_DETECTED,Pure_or_Matrix,N/A,PRESUMPTIVE_POSITIVE,idPAD_12Lane_Paper_Device,LED_Lightbox_Standard,Standard_Chemical_Reference,False,train
ADULT_CBB,PMC7332374_NIHMS1576105_idPAD,adulterants_study,image363.jpeg,storage/processed_images/idpad/image363.jpeg,e45f580d09221e6d03589be27f2d4eb9328134615e6e710255fdbdadab464686,315,177,3,467.3,230.72,41.88,234.71,230.35,222.09,38.17,42.47,51.32,10.88,17.59,235.12,232.86,128.24,132.78,Meth,DRUG_DETECTED,Pure_or_Matrix,N/A,PRESUMPTIVE_POSITIVE,idPAD_12Lane_Paper_Device,LED_Lightbox_Standard,Standard_Chemical_Reference,False,train
ADULT_JA6,PMC7332374_NIHMS1576105_idPAD,adulterants_study,image364.jpeg,storage/processed_images/idpad/image364.jpeg,d3a937442cdd906df82987d177219a17f9823d09991933eacba9b7d6f3ad3f6a,308,173,3,643.82,223.37,55.93,223.08,223.63,222.72,57.18,55.45,56.36,22.21,7.46,225.0,225.55,127.71,128.42,Meth,DRUG_DETECTED,Pure_or_Matrix,N/A,PRESUMPTIVE_POSITIVE,idPAD_12Lane_Paper_Device,LED_Lightbox_Standard,Standard_Chemical_Reference,False,train
ADULT_PBV,PMC7332374_NIHMS1576105_idPAD,adulterants_study,image365.jpeg,storage/processed_images/idpad/image365.jpeg,f48da91a9d09d33940c2bc3f64a557cb2a3ede04ef0fc3bbe27555fc0fe53a77,289,163,3,504.41,228.22,43.12,232.46,227.85,218.94,39.58,43.63,52.37,14.91,18.83,232.84,230.58,128.21,133.13,Meth,DRUG_DETECTED,Pure_or_Matrix,N/A,PRESUMPTIVE_POSITIVE,idPAD_12Lane_Paper_Device,LED_Lightbox_Standard,Standard_Chemical_Reference,False,train
ADULT_QYP,PMC7332374_NIHMS1576105_idPAD,adulterants_study,image366.jpeg,storage/processed_images/idpad/image366.jpeg,12d479cf9ec1218754a5d4e4750005388571d8f4a1f6d572cb1573ce513d9594,303,170,3,801.34,220.86,55.77,221.03,221.09,219.16,56.03,55.54,56.99,20.8,6.24,222.09,223.25,127.68,128.98,Meth,DRUG_DETECTED,Pure_or_Matrix,N/A,PRESUMPTIVE_POSITIVE,idPAD_12Lane_Paper_Device,LED_Lightbox_Standard,Standard_Chemical_Reference,False,train
ADULT_UUK,PMC7332374_NIHMS1576105_idPAD,adulterants_study,image367.jpeg,storage/processed_images/idpad/image367.jpeg,2b7b177b1cbffa1bc8249ce4aa20a659b789da6d06fcd5cb7e9c0c48f54e9757,284,160,3,737.58,214.5,61.56,229.59,208.59,205.38,43.7,70.64,73.58,17.47,34.57,229.62,217.33,135.79,133.66,Meth,DRUG_DETECTED,Pure_or_Matrix,N/A,PRESUMPTIVE_POSITIVE,idPAD_12Lane_Paper_Device,LED_Lightbox_Standard,Standard_Chemical_Reference,False,train
ADULT_299,PMC7332374_NIHMS1576105_idPAD,adulterants_study,image371.jpeg,storage/processed_images/idpad/image371.jpeg,d544d480c6692857772c3d99ca94c8e8da727fc5295d8dd684eeaba5e29b4a74,300,169,3,757.27,221.36,54.02,222.79,221.57,216.52,53.6,53.79,57.49,14.42,10.83,223.42,223.86,127.57,130.75,Metronidazole,NEGATIVE_ADULTERANT,Pure_or_Matrix,N/A,PRESUMPTIVE_NEGATIVE,idPAD_12Lane_Paper_Device,LED_Lightbox_Standard,Standard_Chemical_Reference,False,train
ADULT_WRV,PMC7332374_NIHMS1576105_idPAD,adulterants_study,image374.jpeg,storage/processed_images/idpad/image374.jpeg,9fea809cbf21c81b7da9147f47c35fad3aea85fcb59c01fefe72d36dd37685c1,290,163,3,678.19,217.93,58.75,217.43,218.31,217.26,60.13,58.2,59.08,25.28,7.96,219.65,220.51,127.57,128.45,NQS,NEGATIVE_ADULTERANT,Pure_or_Matrix,N/A,PRESUMPTIVE_NEGATIVE,idPAD_12Lane_Paper_Device,LED_Lightbox_Standard,Standard_Chemical_Reference,False,train
ADULT_NLV,PMC7332374_NIHMS1576105_idPAD,adulterants_study,image375.jpeg,storage/processed_images/idpad/image375.jpeg,3662d8e4c8f7c7f0c50516edfb8197a6534c42de33622ce0333aabc21746f82d,300,169,3,519.93,231.98,40.79,235.55,231.69,224.12,37.37,41.32,49.23,11.08,15.78,235.87,234.02,128.14,132.34,O-Phenonthymine,NEGATIVE_ADULTERANT,Pure_or_Matrix,N/A,PRESUMPTIVE_NEGATIVE,idPAD_12Lane_Paper_Device,LED_Lightbox_Standard,Standard_Chemical_Reference,False,train
ADULT_QM2,PMC7332374_NIHMS1576105_idPAD,adulterants_study,image376.jpeg,storage/processed_images/idpad/image376.jpeg,87c35b1e43a490b42b883ef60caaf63dda7acf291894449061150435fd1ad8ba,320,180,3,505.11,230.62,42.06,234.31,230.23,222.88,38.4,42.66,50.85,12.8,16.2,234.69,232.73,128.28,132.28,Orcinol,NEGATIVE_ADULTERANT,Pure_or_Matrix,N/A,PRESUMPTIVE_NEGATIVE,idPAD_12Lane_Paper_Device,LED_Lightbox_Standard,Standard_Chemical_Reference,False,train
ADULT_CN9,PMC7332374_NIHMS1576105_idPAD,adulterants_study,image378.jpeg,storage/processed_images/idpad/image378.jpeg,749e818f501e7afc843efd1312f2621a6a2ebf39fa9e011198244bf7baf054c4,310,174,3,648.49,231.77,41.9,235.46,231.41,223.9,38.28,42.51,50.68,10.74,16.18,235.77,233.76,128.24,132.34,Percocet,DRUG_DETECTED,Pure_or_Matrix,N/A,PRESUMPTIVE_POSITIVE,idPAD_12Lane_Paper_Device,LED_Lightbox_Standard,Standard_Chemical_Reference,False,train
ADULT_U7P,PMC7332374_NIHMS1576105_idPAD,adulterants_study,image379.jpeg,storage/processed_images/idpad/image379.jpeg,eef4c704befe8b1fcf846a01d22829a45ac5fb76378189dbd01d33cbab669c3f,298,168,3,813.04,214.14,64.25,212.75,214.67,215.01,66.51,63.66,62.46,30.76,9.83,216.22,216.69,127.47,127.55,Phenoxazine,NEGATIVE_ADULTERANT,Pure_or_Matrix,N/A,PRESUMPTIVE_NEGATIVE,idPAD_12Lane_Paper_Device,LED_Lightbox_Standard,Standard_Chemical_Reference,False,train
ADULT_WD7,PMC7332374_NIHMS1576105_idPAD,adulterants_study,image380.jpeg,storage/processed_images/idpad/image380.jpeg,de91a883575e204d0b44a75d95b52b3ab9b80d064d975b5575e823624d61e40b,319,179,3,501.79,229.2,43.21,233.15,228.9,220.37,39.65,43.68,52.45,12.24,17.93,233.48,231.45,128.14,132.9,Phthalamide Potassium,NEGATIVE_ADULTERANT,Pure_or_Matrix,N/A,PRESUMPTIVE_NEGATIVE,idPAD_12Lane_Paper_Device,LED_Lightbox_Standard,Standard_Chemical_Reference,False,train
ADULT_2OO,PMC7332374_NIHMS1576105_idPAD,adulterants_study,image381.jpeg,storage/processed_images/idpad/image381.jpeg,129fc40d938806de5dedadc336f6ad9089c3dc398faae15840298da3c13c0acc,293,165,3,655.22,224.75,47.83,226.91,224.41,220.87,47.0,48.05,50.93,15.63,10.05,227.63,227.13,128.33,130.13,Procaine,NEGATIVE_ADULTERANT,Pure_or_Matrix,N/A,PRESUMPTIVE_NEGATIVE,idPAD_12Lane_Paper_Device,LED_Lightbox_Standard,Standard_Chemical_Reference,False,train
ADULT_R7X,PMC7332374_NIHMS1576105_idPAD,adulterants_study,image382.jpeg,storage/processed_images/idpad/image382.jpeg,43c0a6b61268240860faf4d90a128a637b47b1b56080acd3e914fcc6a4092498,330,186,3,457.25,227.42,44.33,231.22,227.04,219.36,40.75,44.87,53.06,11.93,17.35,231.64,229.77,128.26,132.48,Pyrazinamide,NEGATIVE_ADULTERANT,Pure_or_Matrix,N/A,PRESUMPTIVE_NEGATIVE,idPAD_12Lane_Paper_Device,LED_Lightbox_Standard,Standard_Chemical_Reference,False,train
ADULT_VYF,PMC7332374_NIHMS1576105_idPAD,adulterants_study,image383.jpeg,storage/processed_images/idpad/image383.jpeg,efa2d9547fc93725f7154cd1761a434d84e1396164ac87fbbd1b3c1a0e532d6a,296,166,3,682.2,221.26,57.33,221.38,221.48,219.74,58.22,56.91,58.41,15.63,7.47,222.82,223.55,127.72,128.91,Pyrazole,NEGATIVE_ADULTERANT,Pure_or_Matrix,N/A,PRESUMPTIVE_NEGATIVE,idPAD_12Lane_Paper_Device,LED_Lightbox_Standard,Standard_Chemical_Reference,False,train
ADULT_V2D,PMC7332374_NIHMS1576105_idPAD,adulterants_study,image384.jpeg,storage/processed_images/idpad/image384.jpeg,10eb099a73e9a856443043b9963b38d48359e4ba8b8c6e40f47c571bb8ca431f,314,177,3,698.92,219.37,58.81,218.69,219.89,218.44,60.76,58.08,59.02,20.24,7.85,220.92,221.84,127.41,128.6,Quinine,NEGATIVE_ADULTERANT,Pure_or_Matrix,N/A,PRESUMPTIVE_NEGATIVE,idPAD_12Lane_Paper_Device,LED_Lightbox_Standard,Standard_Chemical_Reference,False,train
ADULT_XPA,PMC7332374_NIHMS1576105_idPAD,adulterants_study,image385.jpeg,storage/processed_images/idpad/image385.jpeg,27c0490be901502fff5b2d57f07c8832ec433fd733eb1dd00f681c326c7da051,305,171,3,481.02,228.08,45.02,233.19,227.55,217.34,39.9,45.82,57.83,10.44,22.03,233.42,230.4,128.5,134.0,Quinine Sulfate,NEGATIVE_ADULTERANT,Pure_or_Matrix,N/A,PRESUMPTIVE_NEGATIVE,idPAD_12Lane_Paper_Device,LED_Lightbox_Standard,Standard_Chemical_Reference,False,train
ADULT_DYC,PMC7332374_NIHMS1576105_idPAD,adulterants_study,image386.jpeg,storage/processed_images/idpad/image386.jpeg,58a4a983b854ba1ef3222d8c8ff2cb9cea97f1f845fd397d0a6b4e40e9425cdd,296,166,3,693.26,223.93,55.02,223.78,224.19,222.96,55.88,54.62,55.65,17.85,5.36,225.1,226.09,127.67,128.58,Rizatriptan Benzoagte,NEGATIVE_ADULTERANT,Pure_or_Matrix,N/A,PRESUMPTIVE_NEGATIVE,idPAD_12Lane_Paper_Device,LED_Lightbox_Standard,Standard_Chemical_Reference,False,train
ADULT_LHQ,PMC7332374_NIHMS1576105_idPAD,adulterants_study,image389.jpeg,storage/processed_images/idpad/image389.jpeg,f139903c0d361fd64101fbff415d58cb8b9c053d40e58a69a150086e77f94ae3,304,171,3,589.49,229.69,44.43,233.6,229.41,220.77,40.29,44.88,55.13,11.35,18.48,233.85,231.85,128.13,133.0,Sodium Tetraphenyl Boroate,NEGATIVE_ADULTERANT,Pure_or_Matrix,N/A,PRESUMPTIVE_NEGATIVE,idPAD_12Lane_Paper_Device,LED_Lightbox_Standard,Standard_Chemical_Reference,False,train
ADULT_QQZ,PMC7332374_NIHMS1576105_idPAD,adulterants_study,image390.jpeg,storage/processed_images/idpad/image390.jpeg,d61eca09614f8161c7a93f8fba2c9e467c543fe653b7aef143cf433a383da7a7,312,176,3,458.79,229.92,43.74,233.47,229.62,222.13,40.21,44.19,52.6,12.58,16.36,233.76,232.04,128.17,132.34,Sulfadozine,NEGATIVE_ADULTERANT,Pure_or_Matrix,N/A,PRESUMPTIVE_NEGATIVE,idPAD_12Lane_Paper_Device,LED_Lightbox_Standard,Standard_Chemical_Reference,False,train
ADULT_KDC,PMC7332374_NIHMS1576105_idPAD,adulterants_study,image391.jpeg,storage/processed_images/idpad/image391.jpeg,29e1aca114c8a21983ea078eb6148ce40ad72add51125d1dad78ba322bd62be7,304,171,3,907.95,214.83,65.01,215.04,215.06,213.08,65.59,64.71,66.22,19.03,9.71,216.62,217.14,127.75,129.04,Sulfamethoxazole,NEGATIVE_ADULTERANT,Pure_or_Matrix,N/A,PRESUMPTIVE_NEGATIVE,idPAD_12Lane_Paper_Device,LED_Lightbox_Standard,Standard_Chemical_Reference,False,train
ADULT_47Z,PMC7332374_NIHMS1576105_idPAD,adulterants_study,image392.jpeg,storage/processed_images/idpad/image392.jpeg,f0e0e5c7b47f114809b60268b5e43dceb90642a57597a92a9500e69336e180de,314,177,3,447.63,229.99,43.65,233.77,229.62,221.88,39.86,44.26,52.79,13.88,17.14,234.1,232.11,128.26,132.51,Sulfanilamine,NEGATIVE_ADULTERANT,Pure_or_Matrix,N/A,PRESUMPTIVE_NEGATIVE,idPAD_12Lane_Paper_Device,LED_Lightbox_Standard,Standard_Chemical_Reference,False,train
ADULT_BXF,PMC7332374_NIHMS1576105_idPAD,adulterants_study,image394.jpeg,storage/processed_images/idpad/image394.jpeg,5cd4a274960fbe7f85734e957be90045affc00a3fd385b27e160f0ec3950a909,314,176,3,635.31,219.6,56.47,218.43,220.17,219.65,58.99,55.67,55.71,25.11,7.73,221.32,222.24,127.39,128.05,"Tetrahydroxy-1,4-quinone hydrate",NEGATIVE_ADULTERANT,Pure_or_Matrix,N/A,PRESUMPTIVE_NEGATIVE,idPAD_12Lane_Paper_Device,LED_Lightbox_Standard,Standard_Chemical_Reference,False,train
ADULT_92V,PMC7332374_NIHMS1576105_idPAD,adulterants_study,image395.jpeg,storage/processed_images/idpad/image395.jpeg,ebb0a292f143e83f3165b6da451c8f150b78101b91f723da990970be458b704f,283,159,3,570.66,229.45,42.53,233.7,229.16,219.72,38.81,43.0,52.38,14.08,19.26,234.04,231.73,128.1,133.39,Tetraphyltgium Disulfide,NEGATIVE_ADULTERANT,Pure_or_Matrix,N/A,PRESUMPTIVE_NEGATIVE,idPAD_12Lane_Paper_Device,LED_Lightbox_Standard,Standard_Chemical_Reference,False,train
ADULT_BG3,PMC7332374_NIHMS1576105_idPAD,adulterants_study,image397.jpeg,storage/processed_images/idpad/image397.jpeg,625e1604fad6726bdfd85eca8bbef6400e0a07696ae141a9d474183d0089ef19,294,165,3,779.4,224.36,51.68,223.66,224.79,223.89,53.45,51.1,51.61,22.41,6.98,226.06,226.75,127.53,128.33,Triphenylphosphine,NEGATIVE_ADULTERANT,Pure_or_Matrix,N/A,PRESUMPTIVE_NEGATIVE,idPAD_12Lane_Paper_Device,LED_Lightbox_Standard,Standard_Chemical_Reference,False,train
ADULT_BL4,PMC7332374_NIHMS1576105_idPAD,adulterants_study,image398.jpeg,storage/processed_images/idpad/image398.jpeg,e7cf447e1141c1535664ec94f9a93f464505af3180735936de2a6a08550eace8,289,163,3,568.97,230.82,42.72,234.15,230.55,223.38,39.57,43.1,50.98,10.32,15.26,234.42,232.87,128.11,132.11,Uridine,NEGATIVE_ADULTERANT,Pure_or_Matrix,N/A,PRESUMPTIVE_NEGATIVE,idPAD_12Lane_Paper_Device,LED_Lightbox_Standard,Standard_Chemical_Reference,False,train
ADULT_8LK,PMC7332374_NIHMS1576105_idPAD,adulterants_study,image399.jpeg,storage/processed_images/idpad/image399.jpeg,04055490574fde9e24a33c3d62be4c8d4ff03115f5ee06fab0c213af2b4cdde5,308,173,3,607.18,216.69,62.24,215.59,217.26,216.51,64.43,61.45,61.62,24.31,8.23,218.22,219.16,127.33,128.16,Vanillin,NEGATIVE_ADULTERANT,Pure_or_Matrix,N/A,PRESUMPTIVE_NEGATIVE,idPAD_12Lane_Paper_Device,LED_Lightbox_Standard,Standard_Chemical_Reference,False,train
ADULT_TDV,PMC7332374_NIHMS1576105_idPAD,adulterants_study,image401.jpeg,storage/processed_images/idpad/image401.jpeg,477a2f15b710b846776c2245c88e951770bba9acf108e21adb6a833119182d2f,309,174,3,470.91,231.6,41.97,235.29,231.29,223.51,38.13,42.47,51.59,10.19,16.54,235.54,233.62,128.18,132.49,Water,NEGATIVE_ADULTERANT,Pure_or_Matrix,N/A,PRESUMPTIVE_NEGATIVE,idPAD_12Lane_Paper_Device,LED_Lightbox_Standard,Standard_Chemical_Reference,False,train
